ID,清单版本,9位清单编码,清单项目名称,材料编码,材料名称,匹配类型,相似度,biz_id,创建时间,更新时间
1760,2024,010201005,填料桩复合地基,I0080302019,复合地板,fuzzy_name,67.5,ff542f44-e20e-4e8c-b799-8c3266ce5408,2026-09-14 10:54,2026-09-14 10:54
1763,2024,010201008,旋喷桩复合地基,I0080302019,复合地板,fuzzy_name,67.5,5a9df1ed-b674-46f4-8c21-ec8ca5db1452,2026-09-14 10:54,2026-09-14 10:54
6,2013,010201013,石灰桩,I00606,熟石灰,fuzzy_name,66.7,236a2db1-a187-4c6e-bb31-e25bb9c8f980,2026-09-14 10:54,2026-09-14 10:54
8,2013,010202001,地下连续墙,I0030129,混凝土,feature_match,100.0,69bc519c-9aad-4cc0-a7d5-aa365270a045,2026-09-14 10:54,2026-09-14 10:54
9,2013,010202002,咬合灌注桩,I0030129,混凝土,feature_match,100.0,ca10ae78-5b22-435b-9fcb-2b1adc7c1fd9,2026-09-14 10:54,2026-09-14 10:54
1767,2024,010202003,咬合灌注桩,I0030129,混凝土,feature_match,100.0,74dfa6f8-333a-4cce-85b1-886e5dc372ff,2026-09-14 10:54,2026-09-14 10:54
1768,2024,010202004,木制桩,I0080407003,木制文件柜,fuzzy_name,72.0,51e5cbe2-b676-46f6-9d75-9f2b6ae5b044,2026-09-14 10:54,2026-09-14 10:54
1769,2024,010202005,预制钢筋混凝土板桩,I0030129,混凝土,partial_match,86.7,527d02a8-ebfb-47c5-8723-b27070467efe,2026-09-14 10:54,2026-09-14 10:54
14,2013,010202009,喷射混凝土、水泥砂浆,I0030129,混凝土,partial_match,86.0,bf7f6bc4-0e42-4cc7-b243-6a6785f6ead5,2026-09-14 10:54,2026-09-14 10:54
15,2013,010202010,混凝土支撑,I0030129,混凝土,partial_match,92.0,0ceaab2a-4702-46dd-9bb5-3dcf9d36a323,2026-09-14 10:54,2026-09-14 10:54
1773,2024,010202011,钢筋混凝土支撑的模板,I0030129,混凝土,partial_match,86.0,4a3221c6-a72a-4d56-8db4-3d950793b512,2026-09-14 10:54,2026-09-14 10:54
1774,2024,010202012,钢筋混凝土腰梁、冠梁,I0030129,混凝土,partial_match,86.0,646d97de-8d02-4ec1-bf0d-dc5b4fde1e7a,2026-09-14 10:54,2026-09-14 10:54
1775,2024,010202013,钢筋混凝土腰梁、冠梁的模板,I0030129,混凝土,partial_match,84.6,6fa3f4ae-540e-4fb4-b3b7-a6218e12c8a2,2026-09-14 10:54,2026-09-14 10:54
1777,2024,010301001,预制钢筋混凝土实心桩,I0030129,混凝土,partial_match,86.0,f85f357a-4ccd-4733-a318-892fea8b938e,2026-09-14 10:54,2026-09-14 10:54
1778,2024,010301002,预制钢筋混凝土空心桩,I0030129,混凝土,partial_match,86.0,735b29d9-2522-4c6a-8eaa-d45791cce705,2026-09-14 10:54,2026-09-14 10:54
21,2013,010302001,"泥浆护壁成
孔灌注桩",I0030129,混凝土,feature_match,100.0,e6065098-bcab-42cc-97a9-9b8218d5ad9c,2026-09-14 10:54,2026-09-14 10:54
22,2013,010302002,沉管灌注桩,I0030129,混凝土,feature_match,100.0,7410fcc7-2dad-4e4b-a3f0-037532a32765,2026-09-14 10:54,2026-09-14 10:54
23,2013,010302003,"干作业成孔
灌注桩",I0030129,混凝土,feature_match,100.0,dc4b76b4-3b90-4934-ace4-f98617512acb,2026-09-14 10:54,2026-09-14 10:54
1785,2024,010302004,爆扩成孔灌注桩,I0030129,混凝土,feature_match,100.0,e533f751-7ea1-49c3-b7ce-8dc31ca8a98a,2026-09-14 10:54,2026-09-14 10:54
24,2013,010302005,"人工挖孔灌
注桩",I0360101001,人工费,fuzzy_name,72.0,3b8a80ba-c5a3-43f3-9b23-a13d4715ee05,2026-09-14 10:54,2026-09-14 10:54
25,2013,010302006,钻孔压浆桩,I0280201006,钻孔机,fuzzy_name,72.0,b90ea785-6173-486c-96ac-1bdde6f724ba,2026-09-14 10:54,2026-09-14 10:54
1788,2024,010302007,声测管,I0010306025,超声波检测管,fuzzy_name,72.0,7049e692-55d0-466c-b7e4-a3489df48ccf,2026-09-14 10:54,2026-09-14 10:54
1795,2024,010401007,砖检查井,I0010603001,不锈钢检查井盖,fuzzy_name,67.5,4c27717b-b3f1-4b9b-b7d6-0552e572a76b,2026-09-14 10:54,2026-09-14 10:54
1798,2024,010401010,砖地沟、明沟,I0030129,混凝土,feature_match,100.0,f6bc70d2-c028-4510-9222-54b2af4c5b38,2026-09-14 10:54,2026-09-14 10:54
41,2013,010402001,砌块墙,I0030277,加气混凝土砌块,fuzzy_name,72.0,70a855a4-f397-48cc-b7ba-a6818aa575e6,2026-09-14 10:54,2026-09-14 10:54
42,2013,010402002,砌块柱,I0030277,加气混凝土砌块,fuzzy_name,72.0,ff101672-8c72-46d8-b1d7-751a0a900d35,2026-09-14 10:54,2026-09-14 10:54
47,2013,010403005,石柱,I0130101235,青石柱鼓,partial_match,85.0,152c0083-9f1a-4c2b-bf88-477b44c9c719,2026-09-14 10:54,2026-09-14 10:54
1811,2024,010403010,石地沟、明沟,I0030129,混凝土,feature_match,100.0,e75c5544-e654-486a-9d85-1ffc886a7bab,2026-09-14 10:54,2026-09-14 10:54
1812,2024,010404001,轻质墙板,I0070301015,轻质不燃隔墙板,fuzzy_name,72.7,f1680299-ae76-4afa-8008-e4d14739e673,2026-09-14 10:54,2026-09-14 10:54
1813,2024,010404002,轻质保温一体墙板,I0330101018,隔墙板,fuzzy_name,72.0,09f64c24-ea5f-497e-8b42-16c8464cad53,2026-09-14 10:54,2026-09-14 10:54
37,2013,010404011,砖检查井,I0010603001,不锈钢检查井盖,fuzzy_name,67.5,6e0b0e12-a0f8-4b2b-ba9d-a2263136eadc,2026-09-14 10:54,2026-09-14 10:54
40,2013,010404015,砖地沟、明沟,I0030129,混凝土,feature_match,100.0,2372c185-e043-4846-8a95-0c3df182ee3f,2026-09-14 10:54,2026-09-14 10:54
53,2013,010501001,垫层,I0030129,混凝土,feature_match,100.0,e552fbbc-368c-481f-a673-5aeb43469897,2026-09-14 10:54,2026-09-14 10:54
54,2013,010501002,带形基础,I0030129,混凝土,feature_match,100.0,c3454aa6-c1d0-494e-ab04-0f7520e93591,2026-09-14 10:54,2026-09-14 10:54
55,2013,010501003,独立基础,I0030129,混凝土,feature_match,100.0,e81777b4-0abd-40cb-b07c-1b3a5f2827fa,2026-09-14 10:54,2026-09-14 10:54
56,2013,010501004,满堂基础,I0030129,混凝土,feature_match,100.0,b6bcbe6d-fa8e-4def-b6ff-23678a037bbd,2026-09-14 10:54,2026-09-14 10:54
57,2013,010501005,桩承台基础,I0030129,混凝土,feature_match,100.0,a3e711dc-a590-4de4-ab7d-ee1abbfffd6d,2026-09-14 10:54,2026-09-14 10:54
58,2013,010501006,设备基础,I0030129,混凝土,feature_match,100.0,241719f1-6649-48b9-b6db-8ee27064f036,2026-09-14 10:54,2026-09-14 10:54
1814,2024,010502001,独立基础,I0030129,混凝土,feature_match,100.0,dac752db-9907-4887-aee1-4a2085f73f08,2026-09-14 10:54,2026-09-14 10:54
60,2013,010502002,构造柱,I0030129,混凝土,feature_match,100.0,0de0c810-2242-4957-aa7e-4f9cf980d44a,2026-09-14 10:54,2026-09-14 10:54
1817,2024,010502004,设备基础,I0030129,混凝土,feature_match,100.0,1d4369fd-b386-46c3-8543-33fbb2928169,2026-09-14 10:54,2026-09-14 10:54
1818,2024,010502005,基础联系梁,I0030129,混凝土,feature_match,100.0,04a54c7d-e11d-42e0-a984-da5fa7c76deb,2026-09-14 10:54,2026-09-14 10:54
1819,2024,010502006,钢筋混凝土柱,I0030129,混凝土,partial_match,90.0,c15fff29-f26c-4a35-92d2-8fba6b869d6b,2026-09-14 10:54,2026-09-14 10:54
1820,2024,010502007,劲性钢筋混凝土柱,I0030129,混凝土,partial_match,87.5,0ef8510f-508b-4766-9562-5730445e441e,2026-09-14 10:54,2026-09-14 10:54
1821,2024,010502008,钢管混凝土柱,I0030129,混凝土,partial_match,90.0,5b65f3b9-c7d6-4e8f-80f4-2381a4170020,2026-09-14 10:54,2026-09-14 10:54
1823,2024,010502010,钢筋混凝土墙,I0030129,混凝土,partial_match,90.0,451ea63e-6f1a-4d35-8ddd-40f29f1bc660,2026-09-14 10:54,2026-09-14 10:54
1824,2024,010502011,钢筋混凝土梁,I0030129,混凝土,partial_match,90.0,f9fe2510-7616-4dff-89f0-ea0212e6386a,2026-09-14 10:54,2026-09-14 10:54
1825,2024,010502012,劲性钢筋混凝土梁,I0030129,混凝土,partial_match,87.5,6ce5c550-ac2c-4886-aaa6-d15424e5e04c,2026-09-14 10:54,2026-09-14 10:54
1826,2024,010502013,实心楼板,I0220206020,砼空心楼板填充材料,fuzzy_name,67.5,5bf04b29-71f7-48b2-8078-940b2bc81963,2026-09-14 10:54,2026-09-14 10:54
1827,2024,010502014,空心楼板,I0220206020,砼空心楼板填充材料,partial_match,83.9,de7cd82a-4f12-491e-aff7-538188e1a6f7,2026-09-14 10:54,2026-09-14 10:54
1828,2024,010502017,坡屋面板,I0090301014,氟碳喷涂直立锁边铝锰镁合金屋面板,fuzzy_name,77.1,f4c8c696-46a6-43c0-bbaa-d263b95be679,2026-09-14 10:54,2026-09-14 10:54
1829,2024,010502018,坡道板,I0030129,混凝土,feature_match,100.0,fab3f3d5-1cab-4751-8139-b63fa0650d3a,2026-09-14 10:54,2026-09-14 10:54
1830,2024,010502019,其他板,I0290110006,其他空气呼吸器,fuzzy_name,72.0,7e31c24e-3bd4-458f-aaeb-ed06a0d8244f,2026-09-14 10:54,2026-09-14 10:54
1831,2024,010502020,楼梯,I0010603194,楼梯栏杆,partial_match,85.0,fbbab635-5501-45c5-a4f4-a9ea31b779db,2026-09-14 10:54,2026-09-14 10:54
1832,2024,010502021,构造柱,I0030129,混凝土,feature_match,100.0,e00d8fe6-0b48-4f8b-b49a-fef7c28cee13,2026-09-14 10:54,2026-09-14 10:54
1833,2024,010502022,圈梁,I0030129,混凝土,feature_match,100.0,5c40938b-82d3-4223-b549-b0718a0436fe,2026-09-14 10:54,2026-09-14 10:54
1834,2024,010502023,过梁,I0030129,混凝土,feature_match,100.0,0820b2fc-29a5-4beb-a397-8c3609944c6e,2026-09-14 10:54,2026-09-14 10:54
1835,2024,010502024,填充混凝土,I0030129,混凝土,partial_match,92.0,ca5e6324-1318-4492-a666-81466312fa2a,2026-09-14 10:54,2026-09-14 10:54
1836,2024,010502025,零星现浇构件,I0030129,混凝土,feature_match,100.0,7fa71667-d699-452f-9cfe-572dc8114f2a,2026-09-14 10:54,2026-09-14 10:54
1837,2024,010502026,挡土墙,I0030129,混凝土,feature_match,100.0,195b17d5-c06c-4403-bace-e7aacca635cb,2026-09-14 10:54,2026-09-14 10:54
1839,2024,010502028,化粪池、检查井,I0300401022,化粪池盖,fuzzy_name,77.1,ace5802d-a46b-4b00-860d-762f809f954b,2026-09-14 10:54,2026-09-14 10:54
1841,2024,010502030,地坪,I0100501,环氧地坪漆,partial_match,83.0,e0765e55-ca18-4ee5-8c6d-a8235fd48a7a,2026-09-14 10:54,2026-09-14 10:54
62,2013,010503001,基础梁,I0030129,混凝土,feature_match,100.0,7c5e96de-ade2-4ef5-809c-b9552de274c1,2026-09-14 10:54,2026-09-14 10:54
1843,2024,010503002,异型柱,I0140405005,异型立柱,fuzzy_name,85.7,0f1040d1-cf01-4d20-9882-1f2432ab100c,2026-09-14 10:54,2026-09-14 10:54
65,2013,010503004,圈梁,I0030129,混凝土,feature_match,100.0,6f131fb7-c1ca-4773-af2a-9d785f02fb73,2026-09-14 10:54,2026-09-14 10:54
66,2013,010503005,过梁,I0030129,混凝土,feature_match,100.0,cad9bb7c-2f49-4933-9c2b-6b1707cda153,2026-09-14 10:54,2026-09-14 10:54
1848,2024,010503007,吊车梁,I0030129,混凝土,feature_match,100.0,61b63d08-2306-4b69-96e1-735f91fa7e89,2026-09-14 10:54,2026-09-14 10:54
1849,2024,010503008,其他梁,I0290110006,其他空气呼吸器,fuzzy_name,72.0,2d914de3-6c8a-49e5-bba9-4799a2cd583c,2026-09-14 10:54,2026-09-14 10:54
1850,2024,010503009,屋架,I0330101032,屋檐支架,fuzzy_name,66.7,98970bf7-2fe1-42c8-b23b-c906e04a37eb,2026-09-14 10:54,2026-09-14 10:54
1851,2024,010503010,天窗架,I0010604052,钢天窗,fuzzy_name,66.7,e0a7c532-23b8-42be-a43c-098ec6e18259,2026-09-14 10:54,2026-09-14 10:54
1852,2024,010503011,实心条板,I0030129,混凝土,feature_match,100.0,3b57a34b-802c-456d-bcde-683f9ce284ef,2026-09-14 10:54,2026-09-14 10:54
1853,2024,010503012,空心条板,I0220206020,砼空心楼板填充材料,fuzzy_name,67.5,f9090c92-8a28-42dd-8c02-0f0ad9a5d0bf,2026-09-14 10:54,2026-09-14 10:54
1854,2024,010503013,大型板,I0010402006,金属压型板,fuzzy_name,72.0,146606c9-dee8-473f-ab3e-a207e61211ad,2026-09-14 10:54,2026-09-14 10:54
1856,2024,010503015,垃圾道、通风道、烟道,I0120207028,垃圾桶,fuzzy_name,72.0,c1ac678e-0ab4-429c-af55-34c0062f338c,2026-09-14 10:54,2026-09-14 10:54
68,2013,010504001,直形墙,I0210302002,直形连接头,fuzzy_name,72.0,da39b2a4-5e94-4b85-ace8-e6045ce0e828,2026-09-14 10:54,2026-09-14 10:54
70,2013,010504003,短肢剪力墙,I0030129,混凝土,feature_match,100.0,58d2ae88-fd0b-4580-9fe8-1d72f74321b9,2026-09-14 10:54,2026-09-14 10:54
71,2013,010504004,挡土墙,I0030129,混凝土,feature_match,100.0,5d4b02fa-defc-405b-8d28-c7578211bd8b,2026-09-14 10:54,2026-09-14 10:54
1862,2024,010504005,实心剪力墙板,I0330101018,隔墙板,fuzzy_name,72.0,5647202b-ba04-4a8f-8246-079a165b6c5b,2026-09-14 10:54,2026-09-14 10:54
1863,2024,010504006,夹心保温剪力墙板,I0330101018,隔墙板,fuzzy_name,72.0,0f7cd6f7-d9b8-40b6-8a58-1cf4fa8ed9c3,2026-09-14 10:54,2026-09-14 10:54
1864,2024,010504007,叠合剪力墙板,I0330101018,隔墙板,fuzzy_name,72.0,b53c34ef-bec8-4c57-97b0-2e5105795ef0,2026-09-14 10:54,2026-09-14 10:54
1865,2024,010504008,外挂墙板,I0080204035,橡木纹饰面抗倍特成品挂墙板,fuzzy_name,77.1,f618540b-019d-48ac-8bb7-4e5431928846,2026-09-14 10:54,2026-09-14 10:54
1866,2024,010504009,女儿墙,I0030129,混凝土,feature_match,100.0,5b7872f5-837f-4a8b-910d-a092f02d3724,2026-09-14 10:54,2026-09-14 10:54
1867,2024,010504010,楼梯,I0010603194,楼梯栏杆,partial_match,85.0,ab04538b-ca82-4994-9568-debcc3e362ec,2026-09-14 10:54,2026-09-14 10:54
1868,2024,010504011,阳台,I0130101319,索菲特金阳台门槛石,partial_match,79.4,67641835-d5c3-4713-9029-b7d4438b1b2b,2026-09-14 10:54,2026-09-14 10:54
1869,2024,010504012,凸(飘)窗,I0030129,混凝土,feature_match,100.0,2ee25c1e-7373-4cf4-bb73-451bf493083d,2026-09-14 10:54,2026-09-14 10:54
1872,2024,010504015,叠合梁、板后浇混凝土,I0030129,混凝土,partial_match,86.0,11906319-9637-4d3e-86e9-3b179c41a333,2026-09-14 10:54,2026-09-14 10:54
1873,2024,010504016,叠合剪力墙后浇混凝土,I0030129,混凝土,partial_match,86.0,8158aab0-d06e-4f32-ad74-34f36b825c57,2026-09-14 10:54,2026-09-14 10:54
72,2013,010505001,有梁板,I0010207003,桥梁板,fuzzy_name,66.7,710fe7e0-b796-4f08-940d-2c9e1cff3bd9,2026-09-14 10:54,2026-09-14 10:54
73,2013,010505002,无梁板,I0010207003,桥梁板,fuzzy_name,66.7,0231ce1d-0158-425b-8082-2cbf81d25fad,2026-09-14 10:54,2026-09-14 10:54
74,2013,010505003,平板,I0140801133,平板车,partial_match,88.3,6ab595be-bc91-4ff8-9ba9-a82262b02e37,2026-09-14 10:54,2026-09-14 10:54
1875,2024,010505004,柱面模板,I0250401002,圆柱模板,fuzzy_name,75.0,ca976a3e-f98d-4653-a04b-438a274b14dc,2026-09-14 10:54,2026-09-14 10:54
1876,2024,010505005,墙面模板,I0080204082,成品墙面木板,fuzzy_name,67.5,061ae0ac-a29d-466e-9a73-1e8766f31e31,2026-09-14 10:54,2026-09-14 10:54
77,2013,010505006,栏板,I0010601045,不锈钢玻璃栏板扶手,partial_match,79.4,efd40136-a4e8-4c0a-911d-c679084b6264,2026-09-14 10:54,2026-09-14 10:54
1878,2024,010505007,楼板、屋面板、坡道板模板,I0250402005,木模板,fuzzy_name,72.0,3847a18e-98bb-4e5d-947d-6ca340efa9cd,2026-09-14 10:54,2026-09-14 10:54
1879,2024,010505008,其他板模板,I0250402005,木模板,fuzzy_name,72.0,4f427e19-0760-480e-ae78-4ca8b6869852,2026-09-14 10:54,2026-09-14 10:54
80,2013,010505009,其他板,I0290110006,其他空气呼吸器,fuzzy_name,72.0,221c6d09-7502-4c71-9a98-8059f9ecf740,2026-09-14 10:54,2026-09-14 10:54
1882,2024,010505014,零星现浇构件模板,I0250402005,木模板,fuzzy_name,72.0,487e6969-725d-4abb-8847-13b3cd6672c0,2026-09-14 10:54,2026-09-14 10:54
1883,2024,010505015,挡土墙模板,I0250402005,木模板,fuzzy_name,72.0,995bc8f4-9b29-4a78-a449-49954347a2d0,2026-09-14 10:54,2026-09-14 10:54
1884,2024,010505016,井(池)模板,I0250402005,木模板,fuzzy_name,72.0,364ed351-bcc8-45cc-85e5-429d54bdf848,2026-09-14 10:54,2026-09-14 10:54
1886,2024,010505018,台阶模板,I0250401016,桥台模板,fuzzy_name,75.0,03237b18-1326-49b4-9598-edbb70c2ccfb,2026-09-14 10:54,2026-09-14 10:54
1887,2024,010505019,后浇带模板,I0250402005,木模板,fuzzy_name,72.0,cd258d79-3a93-40ef-9217-c6b48e61f662,2026-09-14 10:54,2026-09-14 10:54
1888,2024,010505020,叠合构件后浇混凝土模板,I0030129,混凝土,partial_match,85.5,23c0f55f-950a-4092-86c5-1d67411fa739,2026-09-14 10:54,2026-09-14 10:54
81,2013,010506001,直形楼梯,I0080403001,直木楼梯,fuzzy_name,75.0,621ec0fb-c3c8-46f9-a695-c916e92a02c7,2026-09-14 10:54,2026-09-14 10:54
1891,2024,010506003,现浇混凝土地下室外墙钢筋,I0030129,混凝土,partial_match,85.0,1a560734-f055-4257-a254-41b1ced976cd,2026-09-14 10:54,2026-09-14 10:54
1892,2024,010506004,现浇混凝土墙钢筋,I0030129,混凝土,partial_match,87.5,a1eaf8a4-285c-4359-b61b-600aff0100dc,2026-09-14 10:54,2026-09-14 10:54
1893,2024,010506005,现浇混凝土梁钢筋,I0030129,混凝土,partial_match,87.5,b6294607-8b44-4c99-8870-e67ef4debbf7,2026-09-14 10:54,2026-09-14 10:54
1894,2024,010506006,现浇混凝土楼板及屋面板钢筋,I0030129,混凝土,partial_match,84.6,47122ce2-1b3d-467f-84f1-02659cf49cee,2026-09-14 10:54,2026-09-14 10:54
1895,2024,010506007,现浇混凝土坡道板钢筋,I0030129,混凝土,partial_match,86.0,3956e3a7-bbca-4a74-b3b8-0f3fbe5cf593,2026-09-14 10:54,2026-09-14 10:54
1896,2024,010506008,现浇混凝土其他板钢筋,I0030129,混凝土,partial_match,86.0,568ed8f5-ec48-4b48-8b52-5f4378831183,2026-09-14 10:54,2026-09-14 10:54
1897,2024,010506009,现浇混凝土楼梯钢筋,I0030129,混凝土,partial_match,86.7,7fd5327b-226b-4fa5-8744-cdaf94cf3bf1,2026-09-14 10:54,2026-09-14 10:54
1898,2024,010506010,现浇混凝土二次结构钢筋,I0030129,混凝土,partial_match,85.5,4120080c-4498-4ef1-a724-3978bf0d12c2,2026-09-14 10:54,2026-09-14 10:54
1899,2024,010506011,现浇混凝土零星构件钢筋,I0030129,混凝土,partial_match,85.5,0f8e41f6-7f68-4d97-9dc2-c9caa47af256,2026-09-14 10:54,2026-09-14 10:54
1900,2024,010506012,现浇混凝土挡土墙钢筋,I0030129,混凝土,partial_match,86.0,b34bff40-0383-49e0-9295-d2b52e8bfa2d,2026-09-14 10:54,2026-09-14 10:54
1901,2024,010506013,现浇混凝土散水、坡道钢筋,I0030129,混凝土,partial_match,85.0,b6e1cab6-c032-4e80-ba0a-641659c34a56,2026-09-14 10:54,2026-09-14 10:54
1902,2024,010506014,现浇混凝土地坪钢筋,I0030129,混凝土,partial_match,86.7,f625381e-d236-43c2-acbc-7d09eae5e3b8,2026-09-14 10:54,2026-09-14 10:54
1903,2024,010506015,现浇混凝土台阶钢筋,I0030129,混凝土,partial_match,86.7,a5657ba5-1354-4bdb-a5aa-900b91536853,2026-09-14 10:54,2026-09-14 10:54
1904,2024,010506016,叠合构件后浇混凝土钢筋,I0030129,混凝土,partial_match,85.5,5626e30f-5d14-4a33-9797-8f08703c3adc,2026-09-14 10:54,2026-09-14 10:54
1908,2024,010506020,钢筋网片,I0010604010,钢筋网片,exact_name,100.0,a6a8e727-5507-47a6-8cd9-59c8918fd798,2026-09-14 10:54,2026-09-14 10:54
1911,2024,010506023,钢丝网,I0010602001,钢丝网,exact_name,100.0,61518923-23b9-4032-807a-cd44c6331c75,2026-09-14 10:54,2026-09-14 10:54
1913,2024,010506025,预埋铁件,I0120104193,预埋件,fuzzy_name,85.7,b49f9d4a-25cb-4540-9ddb-b94643043e8f,2026-09-14 10:54,2026-09-14 10:54
85,2013,010507003,台阶,I0130102034,珍珠花花岗岩台阶面,partial_match,79.4,8dbedbf4-79d4-47f4-a153-e066aac91ea8,2026-09-14 10:54,2026-09-14 10:54
86,2013,010507004,扶手、压顶,I0030129,混凝土,feature_match,100.0,0823a644-5c8c-41f6-b67e-51762c1b4375,2026-09-14 10:54,2026-09-14 10:54
87,2013,010507005,化粪池底,I0050403002,玻璃钢化粪池,fuzzy_name,77.1,a9472d3e-6182-4911-a885-74a2ca1c31d7,2026-09-14 10:54,2026-09-14 10:54
88,2013,010507006,化粪池壁,I0050403002,玻璃钢化粪池,fuzzy_name,77.1,060e6308-2f5e-4b85-8c06-6ed44c3dfbcb,2026-09-14 10:54,2026-09-14 10:54
89,2013,010507007,化粪池顶,I0050403002,玻璃钢化粪池,fuzzy_name,77.1,966e0563-9e7c-4f3d-905f-707b86caa866,2026-09-14 10:54,2026-09-14 10:54
90,2013,010507008,检查井底,I0010603001,不锈钢检查井盖,fuzzy_name,67.5,f056c6ee-8b63-46a8-a1bd-a88285d3c4b9,2026-09-14 10:54,2026-09-14 10:54
91,2013,010507009,检查井壁,I0010603001,不锈钢检查井盖,fuzzy_name,67.5,bff12a5f-8a37-40f3-af5f-912660a16982,2026-09-14 10:54,2026-09-14 10:54
92,2013,010507010,检查井顶,I0010603001,不锈钢检查井盖,fuzzy_name,67.5,822d06db-9656-4d06-9007-9f45d3ffd6b6,2026-09-14 10:54,2026-09-14 10:54
94,2013,010508001,后浇带,I0030129,混凝土,feature_match,100.0,5f2b275d-5546-42f4-a778-010eda1757fd,2026-09-14 10:54,2026-09-14 10:54
99,2013,010510003,过梁,I0030129,混凝土,feature_match,100.0,3414c5bb-a298-4f9c-b94a-86c32bb382dd,2026-09-14 10:54,2026-09-14 10:54
100,2013,010510004,拱形梁,I0030129,混凝土,feature_match,100.0,509d1a04-111e-4493-bf88-02c825370731,2026-09-14 10:54,2026-09-14 10:54
101,2013,010510005,鱼腹式吊车梁,I0030129,混凝土,feature_match,100.0,8e3c0c0d-0d01-4117-9457-d41dbb2608e9,2026-09-14 10:54,2026-09-14 10:54
102,2013,010510006,风道梁,I0020304001,水泥砂浆烟风道,fuzzy_name,72.0,2b20a0f3-d76e-451b-a7ab-86ded4ca01b4,2026-09-14 10:54,2026-09-14 10:54
103,2013,010511001,折线型屋架,I0030129,混凝土,feature_match,100.0,5710b53b-def2-4574-99ad-d04e1aa44e96,2026-09-14 10:54,2026-09-14 10:54
104,2013,010511002,组合屋架,I0030129,混凝土,feature_match,100.0,3a5eb438-8dd6-4f0e-9694-7688ad089393,2026-09-14 10:54,2026-09-14 10:54
105,2013,010511003,薄腹屋架,I0030129,混凝土,feature_match,100.0,cf5ffaff-b41a-4a55-a57f-ec0cbba2630d,2026-09-14 10:54,2026-09-14 10:54
107,2013,010511005,天窗架屋架,I0010604052,钢天窗,fuzzy_name,72.0,1564903c-b92d-4b35-b556-9d5640ef1fe1,2026-09-14 10:54,2026-09-14 10:54
108,2013,010512001,平板,I0140801133,平板车,partial_match,88.3,55b5f6d8-4f1c-4e41-8d8b-e7f313c39e7b,2026-09-14 10:54,2026-09-14 10:54
109,2013,010512002,空心板,I0020302002,预制空心板,partial_match,87.0,6159217a-4fdd-47b1-a614-c0b531d2c687,2026-09-14 10:54,2026-09-14 10:54
112,2013,010512005,折线板,I0140303062,多功能插线板,fuzzy_name,72.0,d728475a-ca87-4313-97b4-dcf113af3a47,2026-09-14 10:54,2026-09-14 10:54
113,2013,010512007,大型板,I0010402006,金属压型板,fuzzy_name,72.0,b39c260d-8098-45a8-b285-0fd0f406bf46,2026-09-14 10:54,2026-09-14 10:54
115,2013,010513001,楼梯,I0010603194,楼梯栏杆,partial_match,85.0,15b5ab06-0ed5-4d6b-9f59-d93e6f01abe0,2026-09-14 10:54,2026-09-14 10:54
116,2013,010514001,垃圾道、通风道、烟道,I0120207028,垃圾桶,fuzzy_name,72.0,54f64184-1b5c-4fe8-b2ec-f7083a10f384,2026-09-14 10:54,2026-09-14 10:54
118,2013,010514003,水磨石构件,I0100101001,水磨石,partial_match,92.0,a604e8ec-ed2f-47c1-b3cf-eedd95bd55a9,2026-09-14 10:54,2026-09-14 10:54
120,2013,010515002,钢筋网片,I0010604010,钢筋网片,exact_name,100.0,e4f8266d-45f5-49db-b9ab-75cf9d53afce,2026-09-14 10:54,2026-09-14 10:54
124,2013,010515006,预应力钢丝,I0280405001,预应力钢筋加工机,fuzzy_name,80.0,e8fabd6b-7f3d-4fc1-b381-c15893eb4d0b,2026-09-14 10:54,2026-09-14 10:54
125,2013,010515007,预应力钢绞线,I0010801001,预应力钢绞线,exact_name,100.0,711f7a9b-9f6d-4e6f-bd25-2b3a377f3fbf,2026-09-14 10:54,2026-09-14 10:54
127,2013,010515009,声测管,I0010306025,超声波检测管,fuzzy_name,72.0,401be8a0-066e-419f-8438-7a7431cc99e8,2026-09-14 10:54,2026-09-14 10:54
3454,2013,010516001,螺栓,I0200408043,高强度螺栓,manual_confirm,100.0,9251b022-01be-401d-a1eb-5dbf8efc25e8,2026-09-21 14:32,2026-09-21 14:32
129,2013,010516002,预埋铁件,I0120104193,预埋件,fuzzy_name,85.7,c10f0c2b-41e2-48d2-89f5-7ad9c9ace01e,2026-09-14 10:54,2026-09-14 10:54
1916,2024,010601002,钢网壳,I0010601001,钢板网,fuzzy_name,66.7,7aa26781-4e92-403d-8b58-137c57e942b3,2026-09-14 10:54,2026-09-14 10:54
132,2013,010602001,钢屋架,I0200801136,钢锯架,fuzzy_name,66.7,c9787c85-a33f-4180-ac99-48c31a2deb6c,2026-09-14 10:54,2026-09-14 10:54
133,2013,010602002,钢托架,I0010905020,静电地板支托架,fuzzy_name,72.0,82976b91-22ce-495f-8edc-5a9660456931,2026-09-14 10:54,2026-09-14 10:54
134,2013,010602003,钢桁架,I0200801136,钢锯架,fuzzy_name,66.7,2775e0ac-249d-427a-bba3-68e6cbb954f3,2026-09-14 10:54,2026-09-14 10:54
135,2013,010602004,钢桥架,I0140401001,梯级式水平直通桥架,fuzzy_name,72.0,8fb54bb5-54d6-489e-9bd4-77c7b867070f,2026-09-14 10:54,2026-09-14 10:54
138,2013,010603003,钢管柱,I0010902001,钢管柱,exact_name,100.0,fd4f646a-af42-41b5-a9f8-0f9e7ae86f99,2026-09-14 10:54,2026-09-14 10:54
1925,2024,010605003,钢屋面板,I0090301014,氟碳喷涂直立锁边铝锰镁合金屋面板,fuzzy_name,77.1,4b75ec7e-08d0-4709-bd2f-4a61ad7f4678,2026-09-14 10:54,2026-09-14 10:54
1926,2024,010606001,钢天窗架,I0010604052,钢天窗,partial_match,95.0,8118318c-a483-4ed9-ad0e-60305936a7b4,2026-09-14 10:54,2026-09-14 10:54
144,2013,010606002,钢檩条,I0010204007,“U”型不锈钢条,fuzzy_name,72.0,943f6a6e-d2d1-49be-b91f-1a92e7fc6e67,2026-09-14 10:54,2026-09-14 10:54
145,2013,010606003,钢天窗架,I0010604052,钢天窗,partial_match,95.0,e2ac5947-c93d-414a-8fa8-6c0a2f1e532c,2026-09-14 10:54,2026-09-14 10:54
147,2013,010606005,钢墙架,I0200801136,钢锯架,fuzzy_name,66.7,579ed4c0-88d2-4d6a-b640-180fa35dd5be,2026-09-14 10:54,2026-09-14 10:54
148,2013,010606006,钢平台,I0010601004,平台钢格板,fuzzy_name,72.0,4e433532-e877-46dc-bab7-55c908f5838a,2026-09-14 10:54,2026-09-14 10:54
149,2013,010606008,钢梯,I0010601018,工厂旋转钢梯,partial_match,81.7,b39db8d4-2cc1-4cff-9db2-d9e8edd68088,2026-09-14 10:54,2026-09-14 10:54
150,2013,010606009,钢护栏,I0010601024,不锈钢护栏,partial_match,87.0,6fd2bf15-03cf-4e79-8705-142f5fd0dc4f,2026-09-14 10:54,2026-09-14 10:54
1928,2024,010607001,钢拉索,I0090101183,镀锌钢拉索R板,partial_match,83.6,d5183528-e67f-4a87-aa1c-b3dbe1e8168d,2026-09-14 10:54,2026-09-14 10:54
1930,2024,010607003,钢檩条,I0010204007,“U”型不锈钢条,fuzzy_name,72.0,e7ef309d-247f-436d-af6c-58c826ec1471,2026-09-14 10:54,2026-09-14 10:54
156,2013,010607004,金属网栏,I0150701006,金属防盗网,fuzzy_name,66.7,68215729-97c4-471d-8640-dd3ed297afca,2026-09-14 10:54,2026-09-14 10:54
157,2013,010607005,砌块墙钢丝网加固,I0010602001,钢丝网,partial_match,87.5,3c932eb3-8006-4680-a5f7-688e664ef12e,2026-09-14 10:54,2026-09-14 10:54
1932,2024,010607006,钢梯,I0010601018,工厂旋转钢梯,partial_match,81.7,c534f339-7a8e-4a15-bd33-bf6947b17f36,2026-09-14 10:54,2026-09-14 10:54
1933,2024,010607007,钢护栏,I0010601024,不锈钢护栏,partial_match,87.0,c4fb2e3e-6928-4537-b1dc-0d88196acc79,2026-09-14 10:54,2026-09-14 10:54
1936,2024,010608002,高强螺栓,I0200408031,高强螺栓,exact_name,100.0,475075ec-1bff-4367-a9a5-9255d3c88186,2026-09-14 10:54,2026-09-14 10:54
1938,2024,010609002,金属栅栏,I0010603151,金属格栅饰面MT-109,fuzzy_name,67.5,ec79a9ee-9bea-429e-aa0a-263076b3597b,2026-09-14 10:54,2026-09-14 10:54
1939,2024,010609003,金属网栏,I0150701006,金属防盗网,fuzzy_name,66.7,99e11d02-7f42-4ce3-ba8c-71d6e37cbfd7,2026-09-14 10:54,2026-09-14 10:54
1940,2024,010701001,屋架,I0330101032,屋檐支架,fuzzy_name,66.7,fa731391-89d2-4a52-99d1-0a29f76bc130,2026-09-14 10:54,2026-09-14 10:54
159,2013,010702004,木楼梯,I0080403001,直木楼梯,partial_match,90.0,c3fd46a4-ee4e-4ff0-846e-c4ba39929ad8,2026-09-14 10:54,2026-09-14 10:54
160,2013,010703001,屋面木基层,I0100401003,屋面砖,fuzzy_name,72.0,d3195ebd-35c0-452b-90e6-8695e4c51313,2026-09-14 10:54,2026-09-14 10:54
161,2013,010801001,木质门,I0080408013,木质门框,partial_match,90.0,74ff7b47-052c-4a0a-8420-f1c555a74f94,2026-09-14 10:54,2026-09-14 10:54
164,2013,010801004,木质防火门,I0150101005,木质防火门,exact_name,100.0,8770f5b3-813f-414c-9648-4e2d10143a35,2026-09-14 10:54,2026-09-14 10:54
3449,2013,010801006,楼梯间防火门新增可定位闭门器,I0200104008,闭门器,manual_confirm,100.0,54757f23-022f-43b2-abed-b197937c1647,2026-09-21 14:32,2026-09-21 14:32
169,2013,010802003,钢质防火门,I0150201006,钢质防火门甲级,partial_match,89.3,3e6cb554-0077-4ed9-bf05-471a368d9020,2026-09-14 10:54,2026-09-14 10:54
170,2013,010802004,防盗门,I0010904003,防盗门,exact_name,100.0,9f2a6a1b-cd2f-4f3d-9f0a-f2e345385331,2026-09-14 10:54,2026-09-14 10:54
181,2013,010805002,旋转门,I0150201015,自动旋转门,partial_match,87.0,af04c976-9fb9-4ded-8795-896b4e7f82e6,2026-09-14 10:54,2026-09-14 10:54
1966,2024,010805004,全玻自由门,I0150101018,自由门,partial_match,92.0,cd6589e2-3efd-4fa3-95df-c12aa2907839,2026-09-14 10:54,2026-09-14 10:54
184,2013,010805005,全玻自由门,I0150101018,自由门,partial_match,92.0,fd7f22a3-1187-4158-8e59-7a998a7216ee,2026-09-14 10:54,2026-09-14 10:54
185,2013,010805006,镜面不锈钢饰面门,I0010603011,镜面不锈钢,partial_match,92.5,0dccf35e-3a71-4da9-bfd0-260159182a2a,2026-09-14 10:54,2026-09-14 10:54
186,2013,010806001,木质窗,I0150901003,防火观察木质窗,partial_match,83.6,3929392f-393a-41f2-8327-39fb4c8db0f3,2026-09-14 10:54,2026-09-14 10:54
191,2013,010807002,金属防火窗,I0140409086,金属防火梯式桥架,fuzzy_name,80.0,a9f30267-6533-439b-872c-d295069a391a,2026-09-14 10:54,2026-09-14 10:54
192,2013,010807003,金属百叶窗,I0260211103,百叶窗,partial_match,92.0,aa056855-2f47-4770-92aa-9397666c2c83,2026-09-14 10:54,2026-09-14 10:54
194,2013,010807005,金属格栅窗,I0010603151,金属格栅饰面MT-109,fuzzy_name,80.0,add760f1-953e-4a82-a082-9da0a4362b86,2026-09-14 10:54,2026-09-14 10:54
1981,2024,010807009,复合材料窗,I0080201006,复合板,fuzzy_name,72.0,da6fe7e1-c95a-498e-9b86-b04bea69b298,2026-09-14 10:54,2026-09-14 10:54
199,2013,010808002,木筒子板,I0080204081,楸木皮筒子板,fuzzy_name,80.0,887604d3-181e-400f-813b-9f8559e01928,2026-09-14 10:54,2026-09-14 10:54
202,2013,010808005,石材门窗套,I0130101445,石材门窗套,exact_name,100.0,5b8691df-09e1-4f37-ae1b-e5aa21ea6279,2026-09-14 10:54,2026-09-14 10:54
205,2013,010809001,木窗台板,I0130101054,皇室啡窗台板,fuzzy_name,77.1,48bcc086-fa53-4592-bf95-1e2335c20c17,2026-09-14 10:54,2026-09-14 10:54
206,2013,010809002,铝塑窗台板,I0010403004,铝塑板,fuzzy_name,75.0,496a0577-7408-449c-8553-3b31443c168c,2026-09-14 10:54,2026-09-14 10:54
207,2013,010809003,金属窗台板,I0130101266,人造莎安娜窗台板,fuzzy_name,67.5,88a5d1ce-e487-4f84-a9e0-680473d17afe,2026-09-14 10:54,2026-09-14 10:54
3452,2013,010809004,大理石台面,I0130202,人造大理石,manual_confirm,100.0,6668922d-1f26-4806-aa53-c7897c5eccb1,2026-09-21 14:32,2026-09-21 14:32
214,2013,010901001,瓦屋面,I0010604024,屋面变形缝,fuzzy_name,72.0,c8255858-bf83-433c-8a33-50f1ddb22ce9,2026-09-14 10:54,2026-09-14 10:54
215,2013,010901002,型材屋面,I0090101068,55式内外平开式门窗铝型材表面氟碳三涂喷涂,fuzzy_name,67.5,41d57d29-4ae4-4d99-a27d-8c7f3553e07b,2026-09-14 10:54,2026-09-14 10:54
216,2013,010901003,阳光板屋面,I0010905009,阳光板,partial_match,92.0,4b14f1d2-42b7-4956-920a-e002ce3428f1,2026-09-14 10:54,2026-09-14 10:54
217,2013,010901004,玻璃钢屋面,I0050403014,玻璃钢,partial_match,92.0,b78a71d5-6a5c-43b5-8493-ab11f8767f11,2026-09-14 10:54,2026-09-14 10:54
218,2013,010901005,膜结构屋面,I0100401003,屋面砖,fuzzy_name,72.0,af898a26-e41e-44c1-9ddd-9ac836d48e94,2026-09-14 10:54,2026-09-14 10:54
1995,2024,010901006,膜结构屋面,I0100401003,屋面砖,fuzzy_name,72.0,91fde2ac-40d2-4779-bb65-80b4e0145d71,2026-09-14 10:54,2026-09-14 10:54
1996,2024,010901007,屋面成品天沟、檐沟,I0100401003,屋面砖,fuzzy_name,72.0,379ddfe7-2c9b-4d85-a624-355229ff5c29,2026-09-14 10:54,2026-09-14 10:54
1997,2024,010901008,屋面变形缝,I0010604024,屋面变形缝,exact_name,100.0,6af90087-16a5-4beb-8f6a-a037c7bcc3b1,2026-09-14 10:54,2026-09-14 10:54
221,2013,010902003,屋面刚性层,I0100401003,屋面砖,fuzzy_name,72.0,5e279d51-d8cb-4b52-9a23-b2b7bab82a85,2026-09-14 10:54,2026-09-14 10:54
2001,2024,010902004,屋面刚性层,I0100401003,屋面砖,fuzzy_name,72.0,90f3fb2f-0c62-4e58-9aa8-79c5725ca1d2,2026-09-14 10:54,2026-09-14 10:54
223,2013,010902005,屋面排（透）气管,I0100401003,屋面砖,fuzzy_name,72.0,d7a06167-a197-4a33-8fe9-1a39a5e3e0c6,2026-09-14 10:54,2026-09-14 10:54
2003,2024,010902006,屋面排(透)气管,I0100401003,屋面砖,fuzzy_name,72.0,f2ba2649-e55a-46cb-b86d-771c9f47fa6c,2026-09-14 10:54,2026-09-14 10:54
225,2013,010902007,屋面天沟、檐沟,I0100401003,屋面砖,fuzzy_name,72.0,55f2c91d-09f9-4ec7-bd41-f17723245c35,2026-09-14 10:54,2026-09-14 10:54
226,2013,010902008,屋面变形缝,I0010604024,屋面变形缝,exact_name,100.0,84b069a5-e87f-4d2a-8750-655d14e8aa07,2026-09-14 10:54,2026-09-14 10:54
3450,2013,010903003,墙面砂浆防水（防潮）,I00302400001,防水砂浆,manual_confirm,100.0,18bc1392-b520-4e85-87d4-6c3cb1cab084,2026-09-21 14:32,2026-09-21 14:32
230,2013,010903004,墙面变形缝,I0010604023,地面变形缝,fuzzy_name,80.0,88bdd54f-9f1c-4487-aff2-8de16328096c,2026-09-14 10:54,2026-09-14 10:54
231,2013,010904001,楼（地）面卷材防水,I0070109002,防水浆,fuzzy_name,72.0,9ebd2df3-2d05-4dc0-af80-fd6f0b12bae5,2026-09-14 10:54,2026-09-14 10:54
232,2013,010904002,楼（地）面涂膜防水,I0070109002,防水浆,fuzzy_name,72.0,a71587d2-b098-4011-9e26-9585915f5afe,2026-09-14 10:54,2026-09-14 10:54
234,2013,010904004,楼（地）面变形缝,I0010604023,地面变形缝,fuzzy_name,80.0,3b0ff8c0-6bfb-4311-a6ad-4152ae861c85,2026-09-14 10:54,2026-09-14 10:54
2017,2024,010905003,止水带,I0070105001,橡胶止水带,partial_match,87.0,ab66de47-7773-40f9-9983-d5b4d6fe4f16,2026-09-14 10:54,2026-09-14 10:54
235,2013,011001001,保温隔热屋面,I0350101019,保温钉,fuzzy_name,72.0,9b4c640d-3ee0-4941-bf64-9f4e1ce42430,2026-09-14 10:54,2026-09-14 10:54
236,2013,011001002,保温隔热天棚,I0350101019,保温钉,fuzzy_name,72.0,2676b2c3-0535-4f49-95ed-7f7aeb309aa9,2026-09-14 10:54,2026-09-14 10:54
237,2013,011001003,保温隔热墙面,I0350101019,保温钉,fuzzy_name,72.0,928dbf4f-1eba-4599-9b65-a9cd51b7499e,2026-09-14 10:54,2026-09-14 10:54
238,2013,011001004,保温柱、梁,I0350101019,保温钉,fuzzy_name,72.0,97078802-d4c8-4719-bd7d-ea1070c6444b,2026-09-14 10:54,2026-09-14 10:54
239,2013,011001005,保温隔热楼地面,I0350101019,保温钉,fuzzy_name,72.0,e8f2f806-9007-4233-a292-5e175ccab5e5,2026-09-14 10:54,2026-09-14 10:54
240,2013,011001006,其他保温隔热,I0120204005,隔热条,fuzzy_name,72.0,602a495e-1af5-473f-a6ac-f80dd84fa7ed,2026-09-14 10:54,2026-09-14 10:54
241,2013,011002001,防腐混凝土面层,I0030242,防腐混凝土,partial_match,94.3,9760669e-499a-49c9-bd5d-247ea6207030,2026-09-14 10:54,2026-09-14 10:54
244,2013,011002004,玻璃钢防腐面层,I0050403014,玻璃钢,partial_match,88.6,9c94e98e-b229-46c5-88fc-bf9442e9381b,2026-09-14 10:54,2026-09-14 10:54
245,2013,011002005,聚氯乙烯板面层,I0220206019,聚乙烯板,fuzzy_name,72.7,8a2567c4-fa54-4850-8dab-5aef28105059,2026-09-14 10:54,2026-09-14 10:54
246,2013,011003001,隔离层,I0140202071,隔离开关箱 壳架,fuzzy_name,72.0,5d6e3e4c-38c1-4968-8a4d-c8f0d7a297de,2026-09-14 10:54,2026-09-14 10:54
247,2013,011003003,防腐涂料,I0070205004,MC烟囱防腐涂料,partial_match,85.0,0296aef0-1a27-4699-970b-e9c85f2c6e60,2026-09-14 10:54,2026-09-14 10:54
249,2013,011101002,"现浇水磨石楼
地面",I0100101001,水磨石,partial_match,86.7,2a37463c-d8cf-44d0-874c-5a0c88973c88,2026-09-14 10:54,2026-09-14 10:54
250,2013,011101003,细石混凝土楼地面,I0030201,细石混凝土,partial_match,92.5,3b831ed5-f179-4208-980d-d8c29ba51744,2026-09-14 10:54,2026-09-14 10:54
2034,2024,011101004,耐磨楼地面,I0030129,混凝土,feature_match,100.0,54fad65f-6a6f-4819-aeee-06ab99e02c93,2026-09-14 10:54,2026-09-14 10:54
2037,2024,011101007,细石混凝土找平层,I0030201,细石混凝土,partial_match,92.5,cc0af373-6907-4a95-b7aa-b80b05c09a59,2026-09-14 10:54,2026-09-14 10:54
2038,2024,011101008,自流平找平层,I0040211001,界面剂,feature_match,100.0,159fd186-0c4c-4bd5-bdad-084b04a8c0f7,2026-09-14 10:54,2026-09-14 10:54
257,2013,011103001,橡胶板楼地面,I0120201011,橡胶板,partial_match,90.0,fdca7820-61a7-456b-869c-1bda4944eb11,2026-09-14 10:54,2026-09-14 10:54
258,2013,011103002,橡胶板卷材楼地面,I0120201011,橡胶板,partial_match,87.5,145956f6-67ff-4628-96cd-6b2f3ea06424,2026-09-14 10:54,2026-09-14 10:54
259,2013,011103003,塑料板楼地面,I0100301004,塑料地板,fuzzy_name,77.1,20a9cef7-4e6a-4c77-a82d-2770345d4a41,2026-09-14 10:54,2026-09-14 10:54
260,2013,011103004,塑料卷材楼地面,I0350101142,塑料布,fuzzy_name,72.0,24e9ff96-f66a-4545-8203-a5ad7fe64db4,2026-09-14 10:54,2026-09-14 10:54
262,2013,011104002,竹木地板,I0080305006,木地板,partial_match,95.0,ff1115c1-036d-4216-8789-680f4d6816aa,2026-09-14 10:54,2026-09-14 10:54
263,2013,011104003,金属复合地板,I0080302019,复合地板,partial_match,93.3,f3728ba9-8439-4a87-adb2-248ac5ece1a4,2026-09-14 10:54,2026-09-14 10:54
264,2013,011104004,防静电活动地板,I0100301007,防静电地板,fuzzy_name,83.3,0b47efcd-34e9-4922-8918-7323ad162215,2026-09-14 10:54,2026-09-14 10:54
265,2013,011105001,水泥砂浆踢脚线,I0130303041,踢脚线,partial_match,88.6,9fb4d8e6-300d-4b3f-9931-2d26aee79299,2026-09-14 10:54,2026-09-14 10:54
266,2013,011105002,石材踢脚线,I0130303041,踢脚线,partial_match,92.0,3665765a-7ce4-47f9-968c-6600ca613a59,2026-09-14 10:54,2026-09-14 10:54
267,2013,011105003,块料踢脚线,I0130303041,踢脚线,partial_match,92.0,7eb005cd-2528-45d3-a0ed-dba998c807f6,2026-09-14 10:54,2026-09-14 10:54
268,2013,011105004,塑料板踢脚线,I0130303041,踢脚线,partial_match,90.0,9769b21e-176a-4d03-ae7a-7f834d8faab0,2026-09-14 10:54,2026-09-14 10:54
269,2013,011105005,木质踢脚线,I0080802004,木质踢脚线,exact_name,100.0,00583417-25ac-499e-ad7b-3481c518ce6a,2026-09-14 10:54,2026-09-14 10:54
270,2013,011105006,金属踢脚线,I0130303041,踢脚线,partial_match,92.0,40fbbd50-a93a-45ac-a12d-89b5ff575901,2026-09-14 10:54,2026-09-14 10:54
271,2013,011105007,防静电踢脚线,I0130303041,踢脚线,partial_match,90.0,682ee94d-5220-4bb9-a42e-9afc817d2392,2026-09-14 10:54,2026-09-14 10:54
2055,2024,011106003,块料楼梯,I0130102093,山西黑花岗岩防滑条,feature_match,90.0,f9fe5df4-dde5-4a03-91d2-b1a375b4adc4,2026-09-14 10:54,2026-09-14 10:54
276,2013,011106005,现浇水磨石楼梯面层,I0100101001,水磨石,partial_match,86.7,baac4d33-55ea-4318-a204-940a4ac8f715,2026-09-14 10:54,2026-09-14 10:54
2058,2024,011106006,橡塑板楼梯,I0220208001,橡塑板,partial_match,92.0,cf213a20-1298-4af8-be0c-eb02dfa68a41,2026-09-14 10:54,2026-09-14 10:54
2059,2024,011106007,橡塑卷材楼梯,I0220208001,橡塑板,fuzzy_name,72.0,b425a842-d4a0-4256-8086-c9be9a89c041,2026-09-14 10:54,2026-09-14 10:54
279,2013,011106008,"橡胶板楼梯面
层",I0120201011,橡胶板,partial_match,87.5,39d15ee9-ce11-49cd-9099-4c8a7edf3b82,2026-09-14 10:54,2026-09-14 10:54
280,2013,011106009,"塑料板楼梯面
层",I0100301004,塑料地板,fuzzy_name,77.1,459cb975-3dbe-42ef-ad2f-ad8967795a6a,2026-09-14 10:54,2026-09-14 10:54
282,2013,011107002,块料台阶面,I0130102034,珍珠花花岗岩台阶面,fuzzy_name,67.5,766f4b2a-8c42-43d3-9042-1163aeedb5a9,2026-09-14 10:54,2026-09-14 10:54
283,2013,011107003,拼碎块料台阶面,I0130102093,山西黑花岗岩防滑条,feature_match,90.0,8e93af6f-81ab-4167-b559-7088382fdee3,2026-09-14 10:54,2026-09-14 10:54
2063,2024,011107004,块料台阶,I0130102093,山西黑花岗岩防滑条,feature_match,90.0,5e756e7f-65fa-48de-89fe-5daace8a1d98,2026-09-14 10:54,2026-09-14 10:54
285,2013,011107005,现浇水磨石台阶面,I0100101001,水磨石,partial_match,87.5,1f530072-408a-4144-85fa-4af11edba3e1,2026-09-14 10:54,2026-09-14 10:54
2067,2024,011108006,广角镜安装,I0190701002,安装片,fuzzy_name,72.0,890b6df3-cc50-4846-956d-9cc0d6942a10,2026-09-14 10:54,2026-09-14 10:54
2068,2024,011108007,标志牌,I0010603076,导向标志牌,partial_match,87.0,402a3829-5caf-4253-b15e-d269e8453a80,2026-09-14 10:54,2026-09-14 10:54
2069,2024,011108009,减速带,I0180208189,减速机,fuzzy_name,66.7,b983da06-85de-4d1f-bb9e-c7a6d1003344,2026-09-14 10:54,2026-09-14 10:54
2070,2024,011108010,墙柱面防撞条,I0010603160,墙面防撞线条MT-120,fuzzy_name,75.0,10db48f8-7769-4383-9158-06ffdf32c34b,2026-09-14 10:54,2026-09-14 10:54
2071,2024,011109002,装配式踢脚线,I0130303041,踢脚线,partial_match,90.0,a79937c4-85b7-40ad-8b90-fb01c25f4302,2026-09-14 10:54,2026-09-14 10:54
3447,2013,011204003,室外台阶砌体内外侧花岗岩,I0130102051,花岗岩,manual_confirm,100.0,25805550-8b0b-4c6b-a415-d0ce1ad06f10,2026-09-21 14:32,2026-09-21 14:32
2078,2024,011205001,墙、柱面装饰板,I0010406011,铝装饰板,fuzzy_name,77.1,6e845832-8a32-46fe-bdee-e9f2bfcb9aa2,2026-09-14 10:54,2026-09-14 10:54
2079,2024,011205003,墙、柱面装配式装饰板,I0010406011,铝装饰板,fuzzy_name,77.1,93d26fc5-37b1-43e7-b09a-90bcc7ff3ea0,2026-09-14 10:54,2026-09-14 10:54
2081,2024,011205005,墙、柱面保温装饰一体板,I0210108001,一体化温度变送器,feature_match,72.0,818d23d5-b10b-4ccd-9542-af82ac22e18f,2026-09-14 10:54,2026-09-14 10:54
2084,2024,011206003,构件式金属板幕墙,I0350101314,金属封板,fuzzy_name,67.5,89fbee51-bb8e-4776-ab90-94c897ef169e,2026-09-14 10:54,2026-09-14 10:54
2085,2024,011206004,构件式人造板幕墙,I0080201015,人造板,partial_match,87.5,563b70bf-7080-4a20-b9c6-c3c5f7deb389,2026-09-14 10:54,2026-09-14 10:54
2086,2024,011206005,单元式幕墙,I0140202071,隔离开关箱 壳架,feature_match,72.0,71b6097e-6b39-49d6-b182-ddfd7a3907a0,2026-09-14 10:54,2026-09-14 10:54
2089,2024,011206008,幕墙开启扇,I0090101142,开启扇扇料(上)，XC-19,fuzzy_name,67.5,a0f2a54e-532f-491f-b16d-1f0dae9925cf,2026-09-14 10:54,2026-09-14 10:54
306,2013,011207001,墙面装饰板,I0010411010,亚克力仿铜装饰板,fuzzy_name,67.5,ee1a41e4-51d1-44f4-962d-8451fc479e9b,2026-09-14 10:54,2026-09-14 10:54
2092,2024,011207003,成品隔断,I0240104003,成品蹲位隔断,fuzzy_name,80.0,707e4b97-a0fe-4062-a093-bf29c723c155,2026-09-14 10:54,2026-09-14 10:54
307,2013,011209001,带骨架幕墙,I0140202071,隔离开关箱 壳架,feature_match,72.0,d181c256-6e8c-4e0d-9406-56a261316074,2026-09-14 10:54,2026-09-14 10:54
309,2013,011210001,木隔断,I0080204079,宴会厅全高移动隔断,fuzzy_name,72.0,aaf68e31-f5a2-46d2-b325-b7b9373ddc2c,2026-09-14 10:54,2026-09-14 10:54
311,2013,011210003,玻璃隔断,I0050403015,玻璃隔断,exact_name,100.0,00ac18cf-66a1-4d53-93f2-5701d9db096c,2026-09-14 10:54,2026-09-14 10:54
313,2013,011210005,成品隔断,I0240104003,成品蹲位隔断,fuzzy_name,80.0,b2b3b10b-12d6-4b00-ab5d-98c93f5e85a3,2026-09-14 10:54,2026-09-14 10:54
2102,2024,011303001,成品装饰带,I0320105016,成品柜,fuzzy_name,72.0,aaad0878-d292-4ae0-9514-149543d9213e,2026-09-14 10:54,2026-09-14 10:54
2103,2024,011303002,成品装饰口,I0320105016,成品柜,fuzzy_name,72.0,074d6cfa-e6bc-4199-a9b7-59cdd195ab71,2026-09-14 10:54,2026-09-14 10:54
2104,2024,011303005,装饰板梁面,I0010411010,亚克力仿铜装饰板,fuzzy_name,67.5,9ed1babb-b4cf-4f8c-a008-072eaedbc3b4,2026-09-14 10:54,2026-09-14 10:54
322,2013,011304002,送风口、回风口,I0260211050,回风口,partial_match,88.6,01b3c7c1-98d7-4203-a37c-6791075d00b2,2026-09-14 10:54,2026-09-14 10:54
2109,2024,011401005,木地板油漆,I0080305006,木地板,partial_match,92.0,ff3e70cd-f428-49f8-97d2-2b7d59e6051b,2026-09-14 10:54,2026-09-14 10:54
2110,2024,011401006,木地板烫硬蜡面,I0080305006,木地板,partial_match,88.6,f1d2bf8d-0170-4172-8a02-839de938508f,2026-09-14 10:54,2026-09-14 10:54
2115,2024,011402005,金属构件除锈,I0110301056,除锈剂,fuzzy_name,72.0,45d73bc7-d9d4-4390-a234-f9e0b2274431,2026-09-14 10:54,2026-09-14 10:54
330,2013,011403004,"挂衣板、黑板框油
漆",I0240105014,挂衣钩,fuzzy_name,72.0,6233503e-c734-425d-bf4a-25106c2e6eb4,2026-09-14 10:54,2026-09-14 10:54
332,2013,011404001,"木板、纤维板、胶
合板油漆",I0080206005,纤维板,partial_match,84.6,f3509bed-1e5b-417d-a914-b3961e1bf9d6,2026-09-14 10:54,2026-09-14 10:54
333,2013,011404002,"木护墙、木墙裙油
漆",I0030129,混凝土,feature_match,100.0,aed0d521-5834-4454-84d4-f1594ee2773c,2026-09-14 10:54,2026-09-14 10:54
2125,2024,011404007,木材构件喷刷防火涂料,I0110201010,防火涂料,partial_match,88.0,9e9e6463-3578-47e4-aff7-31707ee5d9fc,2026-09-14 10:54,2026-09-14 10:54
345,2013,011404014,木地板油漆,I0080305006,木地板,partial_match,92.0,a655ed1f-d221-4edb-b248-fc997b976bd2,2026-09-14 10:54,2026-09-14 10:54
346,2013,011404015,木地板烫硬蜡面,I0080305006,木地板,partial_match,88.6,61f4a50a-c114-4cf4-b9b0-cbad0a6305be,2026-09-14 10:54,2026-09-14 10:54
3448,2013,011406001,抹灰面油漆,I0110202001,乳胶漆,manual_confirm,100.0,fde89b18-38fa-41ef-97d7-dfc1628e6de8,2026-09-21 14:32,2026-09-21 14:32
351,2013,011407001,墙面喷刷涂料,I0360101002,墙面喷涂公司LOGO,fuzzy_name,72.0,981a5a7b-11f6-40ce-8bbe-1f9e4505c3b6,2026-09-14 10:54,2026-09-14 10:54
355,2013,011407005,金属构件刷防火涂料,I0110201010,防火涂料,partial_match,88.9,943fee7e-649e-4a30-8259-6e96fe1def60,2026-09-14 10:54,2026-09-14 10:54
356,2013,011407006,木材构件喷刷防火涂料,I0110201010,防火涂料,partial_match,88.0,23843948-ff22-422c-aeaa-08faf7deb1b9,2026-09-14 10:54,2026-09-14 10:54
2128,2024,011501001,装饰柜,I0080407050,宴会前厅特殊饰面装饰柜,partial_match,80.5,ecc4b7b1-7899-4db7-a5b5-7ea4a133cfcf,2026-09-14 10:54,2026-09-14 10:54
359,2013,011501002,酒柜,I0080407004,木制酒柜,partial_match,85.0,6a3d6c68-abac-4c76-9d5d-678f555fa79a,2026-09-14 10:54,2026-09-14 10:54
360,2013,011501003,衣柜,I0080407001,木制衣柜,partial_match,85.0,7a31bdb5-9fbc-48f9-8c65-cc3033f38d45,2026-09-14 10:54,2026-09-14 10:54
2131,2024,011501004,成品柜架、台,I0320105016,成品柜,partial_match,90.0,c348e701-94af-4a57-9e0b-e77e34d6ea06,2026-09-14 10:54,2026-09-14 10:54
362,2013,011501005,鞋柜,I0080407002,木制鞋柜,partial_match,85.0,1a12eb35-4d44-482d-8d18-2824b70c3841,2026-09-14 10:54,2026-09-14 10:54
363,2013,011501006,书柜,I0080407047,书桌背柜,fuzzy_name,66.7,2fe5fdab-624f-4e46-83f5-a09e974510a2,2026-09-14 10:54,2026-09-14 10:54
365,2013,011501008,木壁柜,I0080407006,木制壁柜,fuzzy_name,85.7,575342d8-3453-4cac-8281-ca5929b5a6d3,2026-09-14 10:54,2026-09-14 10:54
368,2013,011501011,矮柜,I0080407029,法式蛋糕店和咖啡厅吧台矮柜,partial_match,78.1,95b5ead0-a1f7-479d-8569-7d74564b9c75,2026-09-14 10:54,2026-09-14 10:54
369,2013,011501012,吧台背柜,I0080407029,法式蛋糕店和咖啡厅吧台矮柜,fuzzy_name,67.5,918a1e21-7761-491a-90c4-686dfb14b11c,2026-09-14 10:54,2026-09-14 10:54
371,2013,011501014,酒吧台,I0080407031,法式蛋糕店和咖啡厅蛋糕柜吧台,fuzzy_name,72.0,09845e7e-5a22-4379-bfd3-458ed478850b,2026-09-14 10:54,2026-09-14 10:54
377,2013,011501020,服务台,I0150101039,服务台,exact_name,100.0,2a82c865-b544-4d76-bfee-b536f0b35b02,2026-09-14 10:54,2026-09-14 10:54
378,2013,011502001,金属装饰线,I0010603007,金属装饰线条,partial_match,91.7,7e23625d-c920-4ecb-bf2c-8c547a12e7e7,2026-09-14 10:54,2026-09-14 10:54
379,2013,011502002,木质装饰线,I0080803001,100*60木装饰线,fuzzy_name,80.0,e420afcf-3b1a-4b78-b943-d35dc133fd6f,2026-09-14 10:54,2026-09-14 10:54
381,2013,011502004,石膏装饰线,I0020402001,石膏装饰线,exact_name,100.0,25f375ca-1d49-434b-9083-5d0ff0a33c85,2026-09-14 10:54,2026-09-14 10:54
382,2013,011502005,镜面玻璃线,I0050101005,镜面玻璃,partial_match,96.0,67265602-9461-4e23-a15a-a03e124ff056,2026-09-14 10:54,2026-09-14 10:54
383,2013,011502006,铝塑装饰线,I0010403004,铝塑板,fuzzy_name,72.0,a700924a-4dfe-4006-a57f-6ed34267477f,2026-09-14 10:54,2026-09-14 10:54
384,2013,011502007,塑料装饰线,I0350101142,塑料布,fuzzy_name,72.0,6f524f14-09a8-43f0-90aa-caa492938c94,2026-09-14 10:54,2026-09-14 10:54
2135,2024,011503003,扶手,I0010306042,钢管扶手,partial_match,85.0,432dd538-644e-4efd-b81e-5a1c538b2be6,2026-09-14 10:54,2026-09-14 10:54
388,2013,011503004,金属靠墙扶手,I0010603189,靠墙扶手,partial_match,93.3,e0107f8f-7f9e-410f-87aa-329e4e2933c7,2026-09-14 10:54,2026-09-14 10:54
389,2013,011503005,硬木靠墙扶手,I0010603189,靠墙扶手,partial_match,93.3,e8a97ec4-f0e4-4d65-90b3-5451020ac788,2026-09-14 10:54,2026-09-14 10:54
390,2013,011503006,塑料靠墙扶手,I0010603189,靠墙扶手,partial_match,93.3,efb8f2e5-2e62-40eb-bd75-75b3e1ef735a,2026-09-14 10:54,2026-09-14 10:54
2137,2024,011504001,暖气罩,I0080406001,格栅式木暖气罩,partial_match,83.6,09ab976f-e2ad-468f-856f-6e846fb60116,2026-09-14 10:54,2026-09-14 10:54
393,2013,011504002,塑料板暖气罩,I0100301004,塑料地板,fuzzy_name,77.1,dd7cc827-aad5-4f71-b63d-361a459547f1,2026-09-14 10:54,2026-09-14 10:54
394,2013,011505001,洗漱台,I0380302002,洗漱台,exact_name,100.0,c0cfc07d-8ab2-48d6-bab8-09483376518e,2026-09-14 10:54,2026-09-14 10:54
396,2013,011505003,帘子杆,I0320301079,草帘子,fuzzy_name,66.7,35895781-177d-4c28-8584-0fe1bbfc7aed,2026-09-14 10:54,2026-09-14 10:54
398,2013,011505005,卫生间扶手,I0130102172,石材卫生间洗手台,fuzzy_name,72.0,e229d759-c243-40bb-a850-0ed77b0b3d29,2026-09-14 10:54,2026-09-14 10:54
399,2013,011505006,毛巾杆(架),I0240105007,毛巾杆,partial_match,90.0,5cbd8310-215a-4095-86ab-73f225ce721f,2026-09-14 10:54,2026-09-14 10:54
400,2013,011505007,毛巾环,I0010603065,毛巾环,exact_name,100.0,24273261-07ff-47de-a881-0fef4e00efdb,2026-09-14 10:54,2026-09-14 10:54
401,2013,011505008,卫生纸盒,I0320301007,卫生间纸盒,fuzzy_name,88.9,25377086-3e82-4f8a-846b-571c7749ae93,2026-09-14 10:54,2026-09-14 10:54
403,2013,011505010,镜面玻璃,I0050101005,镜面玻璃,exact_name,100.0,8ce83f3f-8d2f-4979-9fd2-f1cea3cf8773,2026-09-14 10:54,2026-09-14 10:54
405,2013,011506001,雨篷吊挂饰面,I0080204031,木饰面,fuzzy_name,72.0,bae77a90-dbd2-4069-98eb-2d08835823b8,2026-09-14 10:54,2026-09-14 10:54
2144,2024,011506003,成品装饰柱,I0320105016,成品柜,fuzzy_name,72.0,b494c6f1-9bad-4075-8ca6-d5c68ca6255c,2026-09-14 10:54,2026-09-14 10:54
2146,2024,011507004,信报箱,I03204,信报箱,exact_name,100.0,25b22348-695a-4218-95f3-cb9cb7a7dd5b,2026-09-14 10:54,2026-09-14 10:54
408,2013,011508001,泡沫塑料字,I0260209010,泡沫塑料管式消声器,fuzzy_name,80.0,7fc32f24-4547-42ca-bf07-7355d5357e1b,2026-09-14 10:54,2026-09-14 10:54
409,2013,011508002,有机玻璃字,I0050109002,有机玻璃字,exact_name,100.0,c81d06c9-fb0b-4ff2-a695-449c12fa4ed1,2026-09-14 10:54,2026-09-14 10:54
410,2013,011508003,木质字,I0080401010,木质线条1PT-114,fuzzy_name,72.0,a0ef5331-082a-4f15-9879-c55007314021,2026-09-14 10:54,2026-09-14 10:54
411,2013,011508004,金属字,I0010303017,金属矩管MT-101,fuzzy_name,72.0,c4d334b2-2768-4b5a-af2f-4e02f9f16ae5,2026-09-14 10:54,2026-09-14 10:54
2148,2024,011601001,脚手架,I0250105006,脚手架,exact_name,100.0,a016c8b0-1900-41b3-b75d-e031c995c5de,2026-09-14 10:54,2026-09-14 10:54
2151,2024,011601014,已完工程及设备保护,I0140801011,保护套,fuzzy_name,72.0,42e630be-fd38-404b-99f2-9522c7f2b3ee,2026-09-14 10:54,2026-09-14 10:54
2152,2024,011601015,既有建(构)筑物、设施保护,I0140801011,保护套,fuzzy_name,72.0,04492622-d392-4ed4-87df-cc49e6dd0ca3,2026-09-14 10:54,2026-09-14 10:54
413,2013,011602001,混凝土构件拆除,I0030129,混凝土,partial_match,88.6,54f6632b-a893-4439-976f-6b5a030ba4ce,2026-09-14 10:54,2026-09-14 10:54
414,2013,011602002,钢筋混凝土构件拆除,I0030129,混凝土,partial_match,86.7,48cea6cb-c2a9-4ee3-8173-d673fdd9fb4d,2026-09-14 10:54,2026-09-14 10:54
415,2013,011604001,平面抹灰层拆除,I0300301004,表面抹灰,fuzzy_name,67.5,13a8df59-06cf-4612-b21b-d5a9fb7dfd53,2026-09-14 10:54,2026-09-14 10:54
416,2013,011604002,立面抹灰层拆除,I0300301004,表面抹灰,fuzzy_name,67.5,9938f239-6d29-4567-bb4d-91aded182e3f,2026-09-14 10:54,2026-09-14 10:54
417,2013,011606001,"楼地面龙骨及
饰面拆除",I0010906002,天地龙骨,fuzzy_name,67.5,eb5ef145-3288-4d77-b159-b6892bdced1a,2026-09-14 10:54,2026-09-14 10:54
428,2013,011614001,暖气罩拆除,I0260101096,暖气片,fuzzy_name,72.0,1404975e-dcb1-413b-a0e4-30fbc09ac98c,2026-09-14 10:54,2026-09-14 10:54
429,2013,011614003,窗台板拆除,I0130101266,人造莎安娜窗台板,fuzzy_name,67.5,570b3948-c150-4eac-b54f-c851bd76b835,2026-09-14 10:54,2026-09-14 10:54
433,2013,011615001,开孔（打洞）,I0190801019,开孔器,fuzzy_name,72.0,98594e05-45c8-4f34-af34-4b21214296e7,2026-09-14 10:54,2026-09-14 10:54
434,2013,011701003,非夜间施工照明,I0140202023,照明箱,fuzzy_name,72.0,24239750-f9ad-48f1-b3e4-78b97ec06e22,2026-09-14 10:54,2026-09-14 10:54
437,2013,011701010,已完工程及设备保护,I0140801011,保护套,fuzzy_name,72.0,f4f973d4-87f6-4d43-9826-a228758f10f1,2026-09-14 10:54,2026-09-14 10:54
438,2013,011702001,综合脚手架,I0250105006,脚手架,partial_match,92.0,5c4261ba-0d90-492e-b512-d829b433c5a8,2026-09-14 10:54,2026-09-14 10:54
439,2013,011702002,外脚手架,I0250105006,脚手架,partial_match,95.0,b03fd40f-9387-4bb0-9855-99b0737fd4c2,2026-09-14 10:54,2026-09-14 10:54
440,2013,011702003,里脚手架,I0250105006,脚手架,partial_match,95.0,8870a234-3f64-4c8e-b275-1c5471d2b0c4,2026-09-14 10:54,2026-09-14 10:54
441,2013,011702004,悬空脚手架,I0250105006,脚手架,partial_match,92.0,1213c273-687d-42c5-aa6f-25d47c061047,2026-09-14 10:54,2026-09-14 10:54
442,2013,011702005,挑脚手架,I0250105006,脚手架,partial_match,95.0,29d1f705-3d04-419f-a26c-8f425c440660,2026-09-14 10:54,2026-09-14 10:54
443,2013,011702006,满堂脚手架,I0250105006,脚手架,partial_match,92.0,f6906f26-00f8-4256-bb1b-770457309f37,2026-09-14 10:54,2026-09-14 10:54
444,2013,011702007,整体提升架,I0280805001,提升架,partial_match,92.0,4d45e6f3-971a-4701-9ba7-7ce0002c5d95,2026-09-14 10:54,2026-09-14 10:54
450,2013,011703016,直形墙,I0210302002,直形连接头,fuzzy_name,72.0,2f792c30-1a72-41e2-bc30-24b4e298becb,2026-09-14 10:54,2026-09-14 10:54
453,2013,011703019,有梁板,I0010207003,桥梁板,fuzzy_name,66.7,ff71ae88-a07b-4f97-bfcd-cd52d1bc9eec,2026-09-14 10:54,2026-09-14 10:54
454,2013,011703020,无梁板,I0010207003,桥梁板,fuzzy_name,66.7,e70cab23-31f7-497e-a56f-0593c9612f18,2026-09-14 10:54,2026-09-14 10:54
455,2013,011703021,平板,I0140801133,平板车,partial_match,88.3,4bc613fe-0683-4abb-bd35-5ecd56b4a130,2026-09-14 10:54,2026-09-14 10:54
456,2013,011703024,栏板,I0010601045,不锈钢玻璃栏板扶手,partial_match,79.4,7b6193d7-7334-464f-a419-220f415424aa,2026-09-14 10:54,2026-09-14 10:54
457,2013,011703028,直形楼梯,I0080403001,直木楼梯,fuzzy_name,75.0,ef7b8d19-4a7c-4a51-94d6-1f54d888ac12,2026-09-14 10:54,2026-09-14 10:54
459,2013,011703032,台阶,I0130102034,珍珠花花岗岩台阶面,partial_match,79.4,482cdb5b-7e80-485c-8098-1a3e7ec14bdb,2026-09-14 10:54,2026-09-14 10:54
460,2013,011703033,扶手,I0010306042,钢管扶手,partial_match,85.0,c8c9aab9-82f9-412c-af8f-69d43e15adfe,2026-09-14 10:54,2026-09-14 10:54
462,2013,011703036,化粪池底,I0050403002,玻璃钢化粪池,fuzzy_name,77.1,8b2113e9-7afa-4dbf-a8a0-2a7931da988a,2026-09-14 10:54,2026-09-14 10:54
463,2013,011703037,化粪池壁,I0050403002,玻璃钢化粪池,fuzzy_name,77.1,71c2d9cb-9856-4754-bdba-81d741ac7b95,2026-09-14 10:54,2026-09-14 10:54
464,2013,011703038,化粪池顶,I0050403002,玻璃钢化粪池,fuzzy_name,77.1,a8fe8129-27e0-4dfd-9a86-e11dd115c4be,2026-09-14 10:54,2026-09-14 10:54
465,2013,011703039,检查井底,I0010603001,不锈钢检查井盖,fuzzy_name,67.5,27e54aa6-8d95-4e8a-ab59-a49395e20a7b,2026-09-14 10:54,2026-09-14 10:54
466,2013,011703040,检查井壁,I0010603001,不锈钢检查井盖,fuzzy_name,67.5,44ebe65e-fd24-4a08-8a25-b28fc07feb2c,2026-09-14 10:54,2026-09-14 10:54
467,2013,011703041,检查井顶,I0010603001,不锈钢检查井盖,fuzzy_name,67.5,ac7aaf41-6263-48f2-9159-561fa76feee9,2026-09-14 10:54,2026-09-14 10:54
2153,2024,030101003,带锯机保护罩制作与安装,I0190701002,安装片,fuzzy_name,72.0,75743c34-4fc6-4c3a-a29a-9a2f9e4163b3,2026-09-14 10:54,2026-09-14 10:54
468,2013,030101008,齿轮加工机床,I0200701025,齿轮油,fuzzy_name,72.0,7d07d1f0-c94b-4255-a40c-b0852512c9a0,2026-09-14 10:54,2026-09-14 10:54
469,2013,030101009,螺纹加工机床,I0010102001,螺纹钢,fuzzy_name,72.0,0acdb349-ef91-470f-a10b-bfeffda60c91,2026-09-14 10:54,2026-09-14 10:54
470,2013,030101010,刨床,I0280701003,木工刨床,partial_match,85.0,4c172fe5-962f-49be-972a-b35344cf590d,2026-09-14 10:54,2026-09-14 10:54
471,2013,030101014,电加工机床,I0280405001,预应力钢筋加工机,fuzzy_name,67.5,b2c09462-114e-4eb7-b9f5-0248eade65c4,2026-09-14 10:54,2026-09-14 10:54
472,2013,030102001,机械压力机,I0320105009,试验仪器砼压力机,fuzzy_name,67.5,98c25ff4-739b-4717-912f-a4d4fd53e6f7,2026-09-14 10:54,2026-09-14 10:54
473,2013,030102002,液压机,I0280201004,液压旋挖机,fuzzy_name,75.0,7a8d7685-9e6e-46b4-8a1f-3ad25ec68d9c,2026-09-14 10:54,2026-09-14 10:54
474,2013,030102003,自动锻压机,I0150201009,自动门,fuzzy_name,72.0,2a5bbbb8-89fc-48df-9a6c-8ae76fde03e7,2026-09-14 10:54,2026-09-14 10:54
475,2013,030102005,剪切机,I0280702005,切割机,fuzzy_name,66.7,8f91b71c-d7d7-4d5b-abc0-a9f5789f5752,2026-09-14 10:54,2026-09-14 10:54
476,2013,030102006,弯曲校正机,I0280402001,弯曲机,fuzzy_name,75.0,1126dd4f-afff-468e-a334-999c2d5ec4f2,2026-09-14 10:54,2026-09-14 10:54
478,2013,030103001,砂处理设备,I0350101116,凝结水回收精处理设备,fuzzy_name,80.0,519d3e25-2a62-46a3-bd7e-b330d4ccbd0f,2026-09-14 10:54,2026-09-14 10:54
479,2013,030103005,清理设备,I0180208371,臭氧水处理设备,fuzzy_name,77.1,c49fd71b-e5ec-4602-bd05-43fabf9239c5,2026-09-14 10:54,2026-09-14 10:54
480,2013,030104001,桥式起重机,I0280803001,抚挖履带式起重机,fuzzy_name,80.0,3c74dcbe-3865-41a5-81c7-70f5bc42db0f,2026-09-14 10:54,2026-09-14 10:54
482,2013,030104003,梁式起重机,I0280803001,抚挖履带式起重机,fuzzy_name,80.0,1de4297a-ffa5-4852-b60d-da7f5e011c7b,2026-09-14 10:54,2026-09-14 10:54
483,2013,030104004,电动壁行悬臂挂式起重机,I0171701014,电动阀,fuzzy_name,72.0,770f6aec-9370-4e9b-901d-b9fc04c538b4,2026-09-14 10:54,2026-09-14 10:54
484,2013,030104007,电动葫芦,I0280807005,电动葫芦,exact_name,100.0,caa0de82-18a9-4a0b-8395-efb0bbe8de45,2026-09-14 10:54,2026-09-14 10:54
486,2013,030106002,刮板输送机,I0260101098,送风机,fuzzy_name,72.0,37a77875-9ccd-46e1-b2a0-66248f750a18,2026-09-14 10:54,2026-09-14 10:54
487,2013,030106003,板（裙）式输送机,I0260101098,送风机,fuzzy_name,72.0,76a18c5a-c887-4647-b4c9-dac32bcfbe3a,2026-09-14 10:54,2026-09-14 10:54
488,2013,030106004,悬挂输送机,I0260101098,送风机,fuzzy_name,72.0,d477f73a-5a6f-4eb1-8d5b-3b218ec48247,2026-09-14 10:54,2026-09-14 10:54
490,2013,030106006,螺旋输送机,I0260101098,送风机,fuzzy_name,72.0,109b6ca4-f19e-4500-9047-858388b99af4,2026-09-14 10:54,2026-09-14 10:54
496,2013,030107007,自动步行道,I0150201009,自动门,fuzzy_name,72.0,2b7e9360-4368-4bd7-be82-eca9c7880f04,2026-09-14 10:54,2026-09-14 10:54
497,2013,030108001,离心式通风机,I0260101079,离心式通风机,exact_name,100.0,dc79f47b-c662-4946-80d0-e05ad0b21ef4,2026-09-14 10:54,2026-09-14 10:54
498,2013,030108002,离心式引风机,I0260101079,离心式通风机,fuzzy_name,83.3,b5eda325-0ff8-4dae-a5d7-88aeb1e00bb6,2026-09-14 10:54,2026-09-14 10:54
499,2013,030108003,轴流通风机,I0260101107,低噪声轴流通风机,partial_match,87.5,4704abef-d980-4714-9325-1588bc2c6ab1,2026-09-14 10:54,2026-09-14 10:54
500,2013,030108004,回转式鼓风机,I0260301056,鼓风机,partial_match,90.0,62be803e-812a-4c60-9805-b8560b33bcbd,2026-09-14 10:54,2026-09-14 10:54
501,2013,030108005,离心式鼓风机,I0260301056,鼓风机,partial_match,90.0,2974b566-f64a-4e6f-abd8-5a30dd6b6e28,2026-09-14 10:54,2026-09-14 10:54
502,2013,030109001,离心式泵,I0180101010,离心式冷水机组,fuzzy_name,77.1,b607e975-3ca8-47bd-9d14-1e62374b4650,2026-09-14 10:54,2026-09-14 10:54
503,2013,030109003,电动往复泵,I0171701014,电动阀,fuzzy_name,72.0,7d1ecd4b-0875-4392-aac1-598911b5eb1e,2026-09-14 10:54,2026-09-14 10:54
504,2013,030109004,柱塞泵,I0170801007,柱塞阀,fuzzy_name,66.7,e9fe5423-54f8-4e6a-a440-d3813c36b045,2026-09-14 10:54,2026-09-14 10:54
505,2013,030109006,计量泵,I0140202053,支架箱 带计量,fuzzy_name,72.0,341ad5a5-9ed8-4d46-a611-c4ba648fa2a8,2026-09-14 10:54,2026-09-14 10:54
507,2013,030109008,齿轮油泵,I0200701025,齿轮油,partial_match,95.0,f2629c62-3c23-4526-8def-900726cb10b4,2026-09-14 10:54,2026-09-14 10:54
508,2013,030109009,真空泵,I0170101030,真空隔离闸板阀,fuzzy_name,72.0,4225f1ea-5923-4486-9121-2e0d5a44e595,2026-09-14 10:54,2026-09-14 10:54
509,2013,030109010,屏蔽泵,I0140606055,屏蔽门吊灯灯槽LED灯带,fuzzy_name,72.0,43f9564d-7e68-4014-96ce-1b0982e15229,2026-09-14 10:54,2026-09-14 10:54
510,2013,030109011,潜水泵,I0281001018,潜水泵,exact_name,100.0,003115d2-d31c-4ef1-8918-7eae59aac080,2026-09-14 10:54,2026-09-14 10:54
511,2013,030109012,其他泵,I0290110006,其他空气呼吸器,fuzzy_name,72.0,d5ff9ecf-4490-47a6-9e23-26dc1f1a3b60,2026-09-14 10:54,2026-09-14 10:54
2181,2024,030110001,压缩机,I0171301034,压缩机谷轮涡旋,partial_match,83.6,eaaea00f-6a67-41bf-afc1-7001cbe686dd,2026-09-14 10:54,2026-09-14 10:54
514,2013,030110003,离心式压缩机,I0260101079,离心式通风机,fuzzy_name,66.7,82579e94-c5a9-4752-9bee-b8673a382a65,2026-09-14 10:54,2026-09-14 10:54
2182,2024,030111001,煤气发生炉,I0180208373,煤气管,fuzzy_name,72.0,f981c736-e2ba-4624-b24a-fa072bbe4f8e,2026-09-14 10:54,2026-09-14 10:54
515,2013,030111002,无芯工频感应电炉,I0140801033,电炉丝,fuzzy_name,72.0,2a7ffaca-60b6-494b-8f0d-dbf554c7d601,2026-09-14 10:54,2026-09-14 10:54
516,2013,030111003,电阻炉,I0140801033,电炉丝,fuzzy_name,66.7,5431b79b-22ff-4eaa-a93a-6afe44329c2e,2026-09-14 10:54,2026-09-14 10:54
517,2013,030111004,真空炉,I0170101030,真空隔离闸板阀,fuzzy_name,72.0,1957a7d8-8667-4e9b-bd81-c85c49a4fbac,2026-09-14 10:54,2026-09-14 10:54
518,2013,030112001,煤气发生炉,I0180208373,煤气管,fuzzy_name,72.0,077a2c98-8237-41e2-8c89-a222c7b7c64c,2026-09-14 10:54,2026-09-14 10:54
519,2013,030112002,洗涤塔,I0240101061,洗涤盆,fuzzy_name,66.7,cde7c42f-aaa7-4b02-87db-5be8d8c91bb0,2026-09-14 10:54,2026-09-14 10:54
520,2013,030112003,电气滤清器,I0260301025,电暖气,fuzzy_name,72.0,ff410dd8-f9be-4695-931c-a3db9e4658d6,2026-09-14 10:54,2026-09-14 10:54
521,2013,030112004,竖管,I0010502071,W型铸铁竖管支架,partial_match,80.0,4c45e9d0-11a2-47f5-8a92-bc34ea8d9e64,2026-09-14 10:54,2026-09-14 10:54
2188,2024,030112005,冷风机,I0140202066,风机就地检修箱,fuzzy_name,72.0,41a01936-7fde-4a40-8ad4-6f802234a25e,2026-09-14 10:54,2026-09-14 10:54
2189,2024,030112006,冷却塔,I0180101026,冷却塔,exact_name,100.0,a5dafcd2-8d0b-4d9b-903b-4e91ad7f2f91,2026-09-14 10:54,2026-09-14 10:54
2190,2024,030112013,冷凝器,I0210304001,冷凝容器,fuzzy_name,85.7,7155e42f-38cc-4f39-a41d-9e8d66124953,2026-09-14 10:54,2026-09-14 10:54
2191,2024,030112014,蒸发器,I0140206067,蒸汽发生器,fuzzy_name,75.0,454a3251-9a53-469b-bd4f-a6e7169d9e89,2026-09-14 10:54,2026-09-14 10:54
2192,2024,030112016,集油器,I0240101034,自动刮油隔油器,fuzzy_name,72.0,2cb93787-2750-4e37-aaaa-267f2cb3373f,2026-09-14 10:54,2026-09-14 10:54
2193,2024,030112018,油视镜,I0180207017,玻璃管视镜,fuzzy_name,72.0,1f0f3100-573d-45df-ba68-a863ee8aac7c,2026-09-14 10:54,2026-09-14 10:54
2194,2024,030112019,分离器,I0280807003,分离式液压起顶机,fuzzy_name,72.0,5af9bf5c-df69-4594-bb74-335b963693c4,2026-09-14 10:54,2026-09-14 10:54
2195,2024,030112020,过滤器,I0180205049,过滤器,exact_name,100.0,0a05039b-6556-4498-8f99-0ce961cf043b,2026-09-14 10:54,2026-09-14 10:54
522,2013,030113001,冷水机组,I0260101143,冷水机组弹簧,partial_match,88.3,489d259a-01ba-4f4e-bbf2-9a9fb27d955e,2026-09-14 10:54,2026-09-14 10:54
523,2013,030113002,热力机组,I0140205001,全自动电热机组,fuzzy_name,77.1,7319fe66-b647-4f53-a5ff-967a61dfe7ab,2026-09-14 10:54,2026-09-14 10:54
2198,2024,030113003,膨胀机,I0030203,膨胀混凝土,fuzzy_name,72.0,88ae2831-9726-4cb8-9f3a-fd684ed0bd5b,2026-09-14 10:54,2026-09-14 10:54
524,2013,030113004,冷风机,I0140202066,风机就地检修箱,fuzzy_name,72.0,98880f11-8937-4195-b15d-f0168a12f0d4,2026-09-14 10:54,2026-09-14 10:54
525,2013,030113005,润滑油处理设备,I0110301033,润滑油,partial_match,88.6,bc0b141e-cf0c-4c60-bcdd-0d5a81f2ea2e,2026-09-14 10:54,2026-09-14 10:54
526,2013,030113006,膨胀机,I0030203,膨胀混凝土,fuzzy_name,72.0,c9348888-c88a-461b-a78e-69209045e24f,2026-09-14 10:54,2026-09-14 10:54
527,2013,030113007,柴油机,I0281001002,柴油机,exact_name,100.0,04d64f48-be67-4055-be6c-a0e0e1c425d2,2026-09-14 10:54,2026-09-14 10:54
528,2013,030113008,柴油发电机组,I0180208238,柴油发电机组,exact_name,100.0,c9e50145-9167-4c78-bb83-730996e0fee9,2026-09-14 10:54,2026-09-14 10:54
529,2013,030113009,电动机,I0281001003,电动机,exact_name,100.0,0f32b303-01b8-4c15-a5a6-588708936cf8,2026-09-14 10:54,2026-09-14 10:54
530,2013,030113010,电动发电机组,I0281001004,发电机,partial_match,90.0,198a60e4-3d4c-4400-b5df-89111ca3a531,2026-09-14 10:54,2026-09-14 10:54
531,2013,030113011,冷凝器,I0210304001,冷凝容器,fuzzy_name,85.7,9c54ca84-e6c3-4450-b76c-a4c390a3f5ac,2026-09-14 10:54,2026-09-14 10:54
532,2013,030113012,蒸发器,I0140206067,蒸汽发生器,fuzzy_name,75.0,c6f4f988-c055-479e-b062-90879c879158,2026-09-14 10:54,2026-09-14 10:54
533,2013,030113014,分离器,I0280807003,分离式液压起顶机,fuzzy_name,72.0,8b587f8c-a91c-48e8-b657-5d39ace881f0,2026-09-14 10:54,2026-09-14 10:54
534,2013,030113015,过滤器,I0180205049,过滤器,exact_name,100.0,bae83cdd-0754-4b6c-bf06-e263d7bb4694,2026-09-14 10:54,2026-09-14 10:54
535,2013,030113017,冷却塔,I0180101026,冷却塔,exact_name,100.0,4a83368c-c0b7-45fe-a63f-c9dd29c7d739,2026-09-14 10:54,2026-09-14 10:54
536,2013,030113018,集油器,I0240101034,自动刮油隔油器,fuzzy_name,72.0,28e36a61-48ae-4ed9-9094-3fa7c2a50fc8,2026-09-14 10:54,2026-09-14 10:54
537,2013,030113020,油视镜,I0180207017,玻璃管视镜,fuzzy_name,72.0,3d797dfe-e45f-449e-a344-23715d4095c5,2026-09-14 10:54,2026-09-14 10:54
538,2013,030113021,储气罐,I0260101092,储气罐,exact_name,100.0,88bdc459-b5da-4fd6-9e3d-7209d7d26d26,2026-09-14 10:54,2026-09-14 10:54
539,2013,030113022,乙炔发生器,I0270201029,乙炔发生器,exact_name,100.0,ee76896e-2546-44cf-b412-ca1a8bcb9c30,2026-09-14 10:54,2026-09-14 10:54
542,2013,030113027,风力发电机,I0281001004,发电机,partial_match,92.0,ee040d87-def7-4945-98c4-811f1c81320e,2026-09-14 10:54,2026-09-14 10:54
543,2013,030201001,钢炉架,I0200801136,钢锯架,fuzzy_name,66.7,524e2374-a3de-4628-8101-ad03fcfabb74,2026-09-14 10:54,2026-09-14 10:54
545,2013,030201004,过热系统,I0350101145,太阳能热水系统,fuzzy_name,67.5,2c2d9b4f-4f51-4dc2-89a4-db6cbc3c4d32,2026-09-14 10:54,2026-09-14 10:54
546,2013,030201005,省煤器,I0350101135,省煤气,fuzzy_name,66.7,a7962c87-0b6b-4a88-8b9d-232ee606cf55,2026-09-14 10:54,2026-09-14 10:54
547,2013,030201006,管式空气预热器,I0350101237,空气预热器,partial_match,94.3,10df697f-9335-42d2-97e2-694c4d57509d,2026-09-14 10:54,2026-09-14 10:54
548,2013,030201007,回转式空气预热器,I0350101237,空气预热器,partial_match,92.5,a003f01a-5de5-4ae2-9090-a2f1193fbf44,2026-09-14 10:54,2026-09-14 10:54
550,2013,030201010,锅炉本体金属结构,I0350101073,锅炉本体,partial_match,90.0,8e78b80e-65c2-44d2-bd54-75e873dacccb,2026-09-14 10:54,2026-09-14 10:54
551,2013,030201011,锅炉本体平台扶梯,I0350101073,锅炉本体,partial_match,90.0,529c6149-a09d-46d0-84f9-995fc1bf7d90,2026-09-14 10:54,2026-09-14 10:54
553,2013,030203001,送、引风机,I0260101098,送风机,fuzzy_name,75.0,ba13b5ce-a88e-456e-9fe5-de11cf235d02,2026-09-14 10:54,2026-09-14 10:54
2223,2024,030203002,排粉风机,I0260101164,排风机,fuzzy_name,85.7,fc91f034-3249-410d-ad49-25f4e463d1b5,2026-09-14 10:54,2026-09-14 10:54
2224,2024,030203003,石灰石粉输送风机,I0260101098,送风机,partial_match,87.5,b16bcf53-0098-45dc-b3e6-952abcd0c22e,2026-09-14 10:54,2026-09-14 10:54
2225,2024,030203004,回料(流化)风机,I0260101100,风机箱,fuzzy_name,72.0,73238ec9-7bf0-40ec-9a90-1836099f6749,2026-09-14 10:54,2026-09-14 10:54
554,2013,030204001,除尘器,I0180208058,水锤消除器,fuzzy_name,72.0,2a3d5549-7580-4ac1-aa6f-617ccdc6f616,2026-09-14 10:54,2026-09-14 10:54
3453,2013,030204031,小电器,I0140301002,单联单控开关,manual_confirm,100.0,9fa1067d-21fe-4269-badb-0ecae2de27d0,2026-09-21 14:32,2026-09-21 14:32
555,2013,030205001,磨煤机,I0280405006,进口角磨机,fuzzy_name,72.0,c2360290-5a7d-457e-a9b6-d81a26419a73,2026-09-14 10:54,2026-09-14 10:54
556,2013,030206002,热风道,I0020304001,水泥砂浆烟风道,fuzzy_name,72.0,860b222d-473c-4ab6-b6d7-49591aba0555,2026-09-14 10:54,2026-09-14 10:54
557,2013,030206003,冷风道,I0020304001,水泥砂浆烟风道,fuzzy_name,72.0,72047ba4-af1a-429a-921f-9ed36d8209d0,2026-09-14 10:54,2026-09-14 10:54
558,2013,030207001,扩容器,I0010207001,容器板,fuzzy_name,66.7,52a99e87-d6e3-4858-be67-b00a8b917885,2026-09-14 10:54,2026-09-14 10:54
559,2013,030207002,消音器,I0260209011,单层微穿孔板消音器,partial_match,81.7,dbc2dc47-cb76-4ef1-844f-08343dbd2c4f,2026-09-14 10:54,2026-09-14 10:54
560,2013,030207003,暖风器,I0160401045,电暖器,fuzzy_name,66.7,5f570805-b0f6-4b9e-97b5-28b42b618c75,2026-09-14 10:54,2026-09-14 10:54
561,2013,030207004,测粉装置,I0260211084,测压装置,fuzzy_name,75.0,f3ce5d2a-ee1c-4e05-a41f-8f118248ed01,2026-09-14 10:54,2026-09-14 10:54
2235,2024,030208003,炉墙耐火砖,I0070306002,粘土质隔热耐火砖,fuzzy_name,67.5,534a486b-f467-4a16-a637-7fed00027b96,2026-09-14 10:54,2026-09-14 10:54
563,2013,030209001,汽轮机,I0350101123,汽轮机油,partial_match,90.0,3dc91812-3e9c-4711-8ca4-165e849e7948,2026-09-14 10:54,2026-09-14 10:54
564,2013,030209002,发电机、励磁机,I0281001004,发电机,partial_match,88.6,5ceaf115-6d65-421c-b5f5-9765d1739f57,2026-09-14 10:54,2026-09-14 10:54
565,2013,030209003,汽轮发电机组空负荷试运,I0281001004,发电机,partial_match,85.5,37aeb138-56cb-4410-bd3d-aaacdd001913,2026-09-14 10:54,2026-09-14 10:54
566,2013,030210002,加热器,I0140801032,电加热器,partial_match,90.0,9549a574-b911-423d-848d-39ef713840b5,2026-09-14 10:54,2026-09-14 10:54
569,2013,030211003,循环水泵,I0180208231,循环水泵,exact_name,100.0,d39ccd78-bbc2-4274-94e7-0eff86de3e98,2026-09-14 10:54,2026-09-14 10:54
570,2013,030211004,凝结水泵,I0350101389,凝结水泵,exact_name,100.0,df484158-c0cc-4ca7-a093-9d268730cbe8,2026-09-14 10:54,2026-09-14 10:54
571,2013,030211006,循环水泵房入口设备,I0180208231,循环水泵,partial_match,88.9,ba5fa8aa-6391-4365-8982-c014da782a04,2026-09-14 10:54,2026-09-14 10:54
2245,2024,030211007,减温减压装置,I0260211084,测压装置,fuzzy_name,77.1,5bb3595d-04d5-45a5-a173-7536b11a53d4,2026-09-14 10:54,2026-09-14 10:54
2246,2024,030211009,循环水泵房入口设备,I0180208231,循环水泵,partial_match,88.9,18870edf-6ba4-45ac-a64e-518c6774c464,2026-09-14 10:54,2026-09-14 10:54
572,2013,030213001,斗轮堆取料机,I0250501006,布料机,fuzzy_name,72.0,bfa20276-c950-4b41-83ae-34493f16361b,2026-09-14 10:54,2026-09-14 10:54
574,2013,030215006,电动犁式卸料器,I0171701014,电动阀,fuzzy_name,72.0,a14258df-fcf8-49e5-b6e6-591c334cd507,2026-09-14 10:54,2026-09-14 10:54
575,2013,030215007,电动卸料车,I0320201048,电动车,fuzzy_name,75.0,3a28cb2d-50a9-429b-9751-0fa5e6158eb1,2026-09-14 10:54,2026-09-14 10:54
576,2013,030215008,电磁分离器,I0150101028,电磁锁,fuzzy_name,72.0,4f0cef05-87fb-489d-9ca1-6c9c17d24a4b,2026-09-14 10:54,2026-09-14 10:54
2252,2024,030216001,负压风机,I0260101030,混流式消防加压风机,fuzzy_name,77.1,b393db92-55a2-40ea-89f2-c6ac8a4634bf,2026-09-14 10:54,2026-09-14 10:54
2253,2024,030216002,灰斗气化风机(包括气化板),I0010904002,大灰斗,fuzzy_name,72.0,e510bafa-66b7-4c9c-993f-f91443450047,2026-09-14 10:54,2026-09-14 10:54
2254,2024,030216003,布袋收尘器,I0290110015,吸尘器,fuzzy_name,72.0,52124240-2fc3-4e9a-9175-6a99c5624970,2026-09-14 10:54,2026-09-14 10:54
2255,2024,030216004,袋式排气过滤器,I0180205049,过滤器,partial_match,88.6,fccb6a0f-4c07-48d7-9949-0a6abf4b9107,2026-09-14 10:54,2026-09-14 10:54
2256,2024,030216005,加热器,I0140801032,电加热器,partial_match,90.0,4334f82c-405f-418a-ab2c-96772bd8f8a5,2026-09-14 10:54,2026-09-14 10:54
579,2013,030216006,砾石过滤器,I0180205049,过滤器,partial_match,92.0,63f61e38-190d-4758-a8e0-8e2cf66ff7be,2026-09-14 10:54,2026-09-14 10:54
584,2013,030217001,负压风机,I0260101030,混流式消防加压风机,fuzzy_name,77.1,e7f3d351-009f-48e3-a919-8b12ab0decc4,2026-09-14 10:54,2026-09-14 10:54
585,2013,030217002,灰斗气化风机 (包括气化板),I0010904002,大灰斗,fuzzy_name,72.0,c8605f1f-2228-4445-a944-27751e56e3e4,2026-09-14 10:54,2026-09-14 10:54
586,2013,030217003,布袋收尘器,I0290110015,吸尘器,fuzzy_name,72.0,a90b5cac-4aaf-4437-8897-3a6d1ef4d0a7,2026-09-14 10:54,2026-09-14 10:54
587,2013,030217004,袋式排气过滤器,I0180205049,过滤器,partial_match,88.6,9b7b366c-ca5e-460f-a860-e5a8a2327a90,2026-09-14 10:54,2026-09-14 10:54
588,2013,030217005,加热器,I0140801032,电加热器,partial_match,90.0,6d52978a-6abc-4a92-afec-da49a5802179,2026-09-14 10:54,2026-09-14 10:54
589,2013,030217006,回转式给料机,I0250501006,布料机,fuzzy_name,72.0,b887c861-3b19-4a42-bcbb-7f03ea68669a,2026-09-14 10:54,2026-09-14 10:54
590,2013,030218001,反渗透处理系统,I0180208352,反渗透纯水机系统,fuzzy_name,66.7,5fd085af-009f-45c7-85fb-08f8a0886f97,2026-09-14 10:54,2026-09-14 10:54
2261,2024,030218003,除二氧化碳和离子交换设备,I0270201014,二氧化碳气,fuzzy_name,72.0,59f1e15f-c862-4e90-b82e-5b6b3d73f221,2026-09-14 10:54,2026-09-14 10:54
591,2013,030219003,"除二氧化碳和
离子交换设备",I0270201014,二氧化碳气,fuzzy_name,72.0,4cdeb24b-2373-468d-8d9e-173582f156f4,2026-09-14 10:54,2026-09-14 10:54
593,2013,030221001,"循环水处理及
加药设备",I0180208231,循环水泵,fuzzy_name,77.1,3ad2138c-5d58-4a3e-af01-fdbce0f14e89,2026-09-14 10:54,2026-09-14 10:54
594,2013,030222001,给水、炉水校正处理设备,I0180208371,臭氧水处理设备,fuzzy_name,65.5,f30f37ae-0777-4c06-85b2-3cd2af801819,2026-09-14 10:54,2026-09-14 10:54
595,2013,030223001,石粉仓,I0110302078,滑石粉,fuzzy_name,66.7,1a42ae78-745e-4ad3-b134-7f1b4fa0b2eb,2026-09-14 10:54,2026-09-14 10:54
596,2013,030223002,吸收塔,I0350101368,吸收塔底油泵,partial_match,85.0,04eb1eeb-38c7-4f0d-93a9-383397e5e139,2026-09-14 10:54,2026-09-14 10:54
2268,2024,030224002,催化剂模块,I0350101114,模块箱,fuzzy_name,72.0,1fe541a1-a6ea-4d14-b1e1-4b02bb92d6b5,2026-09-14 10:54,2026-09-14 10:54
599,2013,030225001,除尘器,I0180208058,水锤消除器,fuzzy_name,72.0,2e498904-51f0-4697-9018-0c7f22ec0134,2026-09-14 10:54,2026-09-14 10:54
600,2013,030225002,水处理设备,I0180208371,臭氧水处理设备,partial_match,89.3,e38097d6-8eb4-4685-8614-2508d6b46b2d,2026-09-14 10:54,2026-09-14 10:54
601,2013,030225003,换热器,I0180208277,换热器,exact_name,100.0,bc9a0070-7300-4899-8607-d1240a9aab23,2026-09-14 10:54,2026-09-14 10:54
602,2013,030225005,除渣机,I0260211080,除湿机,fuzzy_name,66.7,210c1093-a522-47b3-91dc-314be21b8161,2026-09-14 10:54,2026-09-14 10:54
603,2013,030225006,齿轮式破碎机,I0200701025,齿轮油,fuzzy_name,72.0,adb25bf2-d51b-44cc-abfb-32f0c5a84ab7,2026-09-14 10:54,2026-09-14 10:54
2274,2024,030226001,除尘器,I0180208058,水锤消除器,fuzzy_name,72.0,a17bfc7c-0205-45f4-accb-385672f27693,2026-09-14 10:54,2026-09-14 10:54
2275,2024,030226002,水处理设备,I0180208371,臭氧水处理设备,partial_match,89.3,fc5e7c2c-f0b6-4300-89b6-88128bf082b2,2026-09-14 10:54,2026-09-14 10:54
2276,2024,030226003,换热器,I0180208277,换热器,exact_name,100.0,842c13c7-e691-4f94-a16b-47109b14b49b,2026-09-14 10:54,2026-09-14 10:54
2277,2024,030226005,除渣机,I0260211080,除湿机,fuzzy_name,66.7,c485fa5a-d99e-48eb-bf58-66361e0de91c,2026-09-14 10:54,2026-09-14 10:54
2278,2024,030227001,板框压力式滤油机,I0281001001,汽油机,fuzzy_name,72.0,7747a5a0-31d8-49c2-8bf6-9cc79de33c7c,2026-09-14 10:54,2026-09-14 10:54
2280,2024,030227003,滤气器,I0171101006,黄铜丝口过滤器,fuzzy_name,72.0,7c1172d1-115f-4975-9f81-cf0bdd4b0c2a,2026-09-14 10:54,2026-09-14 10:54
2282,2024,030227005,补偿器,I0171701023,波纹补偿器,partial_match,87.0,fa13803b-478f-4305-a8ac-1ae0c91b1b2e,2026-09-14 10:54,2026-09-14 10:54
2283,2024,030227006,均压箱,I0290116008,消声静压箱,fuzzy_name,72.0,c90ca3e6-86a6-4eac-aed2-85902432a361,2026-09-14 10:54,2026-09-14 10:54
2284,2024,030227007,双筒过滤器,I0180205049,过滤器,partial_match,92.0,2589c526-5573-4e42-b492-fa1f9ee335d4,2026-09-14 10:54,2026-09-14 10:54
2286,2024,0302280006,重整器,I0350101193,整流器,fuzzy_name,66.7,f00c1c81-a6d4-40f1-942f-135fbe9c0f42,2026-09-14 10:54,2026-09-14 10:54
2287,2024,030228001,燃气发电机,I0281001004,发电机,partial_match,92.0,9869417c-ac41-4288-b31b-2509455dc072,2026-09-14 10:54,2026-09-14 10:54
2288,2024,030228002,压气机,I0260101138,新风换气机,fuzzy_name,72.0,f2ac3a95-1f3b-4d4a-a3cf-6526e7432829,2026-09-14 10:54,2026-09-14 10:54
2289,2024,030228005,回热器,I0180208229,远置式散热器,fuzzy_name,72.0,1b2f9b40-58a7-4ecc-8f6f-0f7bcf65eca4,2026-09-14 10:54,2026-09-14 10:54
2291,2024,030228010,阀件,I0180208307,管道、管阀件,partial_match,81.7,1e80ed41-7c9e-481f-bd51-9e1c672c5562,2026-09-14 10:54,2026-09-14 10:54
2299,2024,030229009,无芯工频感应电炉,I0140801033,电炉丝,fuzzy_name,72.0,9a241b6c-b47b-43aa-986f-7f0b7e6f7247,2026-09-14 10:54,2026-09-14 10:54
2300,2024,030229010,电阻炉,I0140801033,电炉丝,fuzzy_name,66.7,7419f61d-58ed-4d4a-8537-1e42414d15b9,2026-09-14 10:54,2026-09-14 10:54
2301,2024,030229011,真空炉,I0170101030,真空隔离闸板阀,fuzzy_name,72.0,529aeb1c-7472-455d-8a74-1147d2cf7e16,2026-09-14 10:54,2026-09-14 10:54
2305,2024,030301001,容器,I0010207001,容器板,partial_match,88.3,9b2a9c5b-f768-43d9-89e5-7d104538d1d8,2026-09-14 10:54,2026-09-14 10:54
605,2013,030301003,换热器制作,I0180208277,换热器,partial_match,92.0,250763ed-3ad8-45b6-ad77-7f8702421f50,2026-09-14 10:54,2026-09-14 10:54
2307,2024,030301005,反应器,I0350101335,加氢反应器耐酸衬里,partial_match,81.7,121aa60d-5878-4b34-9d77-8f0b2dd49ba8,2026-09-14 10:54,2026-09-14 10:54
2308,2024,030301007,电除雾器,I0350101440,本安型人体静电消除器,fuzzy_name,67.5,4ba13855-e8b0-4b1d-9e1e-34ba9c1510fa,2026-09-14 10:54,2026-09-14 10:54
2309,2024,030301008,电除尘器,I0350101440,本安型人体静电消除器,fuzzy_name,67.5,39f030b7-a028-4dea-b9bb-a45beccae8eb,2026-09-14 10:54,2026-09-14 10:54
606,2013,030302002,整体容器安装,I0190701002,安装片,fuzzy_name,72.0,285f7646-3a58-44b2-88e4-780d5ecb8986,2026-09-14 10:54,2026-09-14 10:54
607,2013,030302004,整体塔器安装,I0190701002,安装片,fuzzy_name,72.0,3490f601-0975-4c77-853e-467be42c2477,2026-09-14 10:54,2026-09-14 10:54
608,2013,030302005,热交换器类设备安装,I0350101448,热交换器,partial_match,88.9,c1f68b30-0d8a-4bdd-a2c1-33a9b9ea6e6d,2026-09-14 10:54,2026-09-14 10:54
609,2013,030302006,空气冷却器安装,I0190701002,安装片,fuzzy_name,72.0,41083a9d-d21a-4339-b6a8-89e14eb86e7e,2026-09-14 10:54,2026-09-14 10:54
610,2013,030302007,反应器安装,I0190701002,安装片,fuzzy_name,72.0,05c7fe58-bc31-4ce5-aa66-6288aba64327,2026-09-14 10:54,2026-09-14 10:54
611,2013,030302008,催化裂化再生器安装,I0190701002,安装片,fuzzy_name,72.0,075ed8e0-aa47-470e-bc39-d6e2c511dc42,2026-09-14 10:54,2026-09-14 10:54
612,2013,030302009,催化裂化沉降器安装,I0190701002,安装片,fuzzy_name,72.0,f4ff929e-beb9-4a82-9bba-d27a6546949c,2026-09-14 10:54,2026-09-14 10:54
613,2013,030302010,催化裂化旋风分离器安装,I0190701002,安装片,fuzzy_name,72.0,620c68b0-e686-4315-8f5b-3c5d498599b6,2026-09-14 10:54,2026-09-14 10:54
614,2013,030302011,空气分馏塔安装,I0190701002,安装片,fuzzy_name,72.0,e348222f-357d-4575-8eb3-50bcc169b825,2026-09-14 10:54,2026-09-14 10:54
615,2013,030302012,电解槽安装,I0190701002,安装片,fuzzy_name,72.0,33e6b709-9b8a-4f52-be79-f9be28f7385b,2026-09-14 10:54,2026-09-14 10:54
616,2013,030302013,电除雾器安装,I0190701002,安装片,fuzzy_name,72.0,24cb6ee8-59ca-436e-857c-31edd951cbea,2026-09-14 10:54,2026-09-14 10:54
617,2013,030302014,电除尘器安装,I0190701002,安装片,fuzzy_name,72.0,895593ad-e76f-4b72-bf3c-02056cd10ae0,2026-09-14 10:54,2026-09-14 10:54
2314,2024,030303001,球形罐组对,I0200101104,球形锁,fuzzy_name,72.0,5f973796-e833-47d0-b6be-a1a94e9ac1d6,2026-09-14 10:54,2026-09-14 10:54
618,2013,030303002,裂解炉制作安装,I0190701002,安装片,fuzzy_name,72.0,1888cedf-922b-426d-924a-6f826cc41274,2026-09-14 10:54,2026-09-14 10:54
619,2013,030303003,转化炉制作安装,I0190701002,安装片,fuzzy_name,72.0,6c8440b7-70a9-4818-9534-3115b59b2edd,2026-09-14 10:54,2026-09-14 10:54
620,2013,030303004,化肥装置加热炉制作安装,I0190701002,安装片,fuzzy_name,72.0,01da1436-42f9-41f2-b18a-7ad2890c0afe,2026-09-14 10:54,2026-09-14 10:54
621,2013,030303005,芳烃装置加热炉制作安装,I0190701002,安装片,fuzzy_name,72.0,fb976a73-5ea1-4661-947a-32a54b6071e6,2026-09-14 10:54,2026-09-14 10:54
622,2013,030303006,炼油厂加热炉制作安装,I0190701002,安装片,fuzzy_name,72.0,f1ca4c5a-7bf2-4833-8b21-96dcfee634e0,2026-09-14 10:54,2026-09-14 10:54
624,2013,030304001,拱顶罐制作安装,I0190701002,安装片,fuzzy_name,72.0,863b8c20-7d01-4e80-a2b9-c2eea270475b,2026-09-14 10:54,2026-09-14 10:54
625,2013,030304002,浮顶罐制作安装,I0190701002,安装片,fuzzy_name,72.0,2f9322a0-6874-4442-81c0-becd8659d196,2026-09-14 10:54,2026-09-14 10:54
628,2013,030304005,加热器制作安装,I0140801032,电加热器,fuzzy_name,77.1,4ba155ff-c221-4740-aaf3-d74577460a33,2026-09-14 10:54,2026-09-14 10:54
629,2013,030305001,球形罐组对安装,I0190701002,安装片,fuzzy_name,72.0,c85e446d-da9f-4f41-9ff8-da9f13cc345c,2026-09-14 10:54,2026-09-14 10:54
2315,2024,030305002,平台,I0010601043,上料平台,partial_match,85.0,af946582-4422-4809-9df1-8f785e83d408,2026-09-14 10:54,2026-09-14 10:54
2317,2024,030305004,桁架、管廊、设备框架、单梁结构,I0110406,结构胶,fuzzy_name,72.0,4372e3d3-aaa3-499c-b3af-a06fb5bc119b,2026-09-14 10:54,2026-09-14 10:54
2319,2024,030305008,火炬及排气筒,I0290203003,打气筒,fuzzy_name,72.0,f32aaa9b-a20a-4790-bc44-91c944de5bfc,2026-09-14 10:54,2026-09-14 10:54
630,2013,030306001,气柜制作安装,I0190701002,安装片,fuzzy_name,72.0,a6abb751-a28a-4f05-9953-65d93db43565,2026-09-14 10:54,2026-09-14 10:54
2321,2024,030306003,热交换器,I0350101448,热交换器,exact_name,100.0,11eddfea-aa3e-4ffe-88ab-aec50a9c3388,2026-09-14 10:54,2026-09-14 10:54
631,2013,030307001,联合平台制作安装,I0190701002,安装片,fuzzy_name,72.0,0352b785-d161-4d08-a2c2-8b4b33a04a94,2026-09-14 10:54,2026-09-14 10:54
632,2013,030307002,平台制作安装,I0190701002,安装片,fuzzy_name,72.0,27097dfe-c0c7-4297-8692-6c0da9c610fa,2026-09-14 10:54,2026-09-14 10:54
634,2013,030307004,桁架、管廊、设备框架、单梁结构制作安装,I0190701002,安装片,fuzzy_name,72.0,64b57882-1848-49a9-b8f2-c1b1014c4b1b,2026-09-14 10:54,2026-09-14 10:54
637,2013,030307007,烟囱、烟道制作安装,I0190701002,安装片,fuzzy_name,72.0,205090cf-922e-4c47-9897-f40341496e53,2026-09-14 10:54,2026-09-14 10:54
638,2013,030307008,火炬及排气筒制作安装,I0190701002,安装片,fuzzy_name,72.0,b137cb7a-0437-4f3a-a377-b67aa4e27dea,2026-09-14 10:54,2026-09-14 10:54
639,2013,030308001,容器安装,I0240101029,座便器安装密封圈,fuzzy_name,67.5,ac499c8b-44eb-4731-8496-c5269a4dbe8b,2026-09-14 10:54,2026-09-14 10:54
640,2013,030308002,塔器安装,I0240101029,座便器安装密封圈,fuzzy_name,67.5,b1f5ccc3-4b6d-497d-9bc3-aaedf2d70c04,2026-09-14 10:54,2026-09-14 10:54
641,2013,030308003,热交换器安装,I0350101448,热交换器,partial_match,93.3,6ea25a63-099c-435a-b8a4-f28e5a13f9bc,2026-09-14 10:54,2026-09-14 10:54
642,2013,030401001,油浸电力变压器,I0140203002,变压器,partial_match,88.6,36bd73b3-6141-4c5d-8bd2-19021681cc4b,2026-09-14 10:54,2026-09-14 10:54
643,2013,030401002,干式变压器,I0140203003,干式变压器,exact_name,100.0,4c92fb4f-56bf-4c84-a91c-9417ac3b738d,2026-09-14 10:54,2026-09-14 10:54
644,2013,030401003,整流变压器,I0140203002,变压器,partial_match,92.0,c5bd1de0-68f9-4b21-9b9e-b31cabe3993d,2026-09-14 10:54,2026-09-14 10:54
645,2013,030401004,自耦变压器,I0140203002,变压器,partial_match,92.0,e8f3ec6f-5366-4d75-b43f-97ddf32ad020,2026-09-14 10:54,2026-09-14 10:54
646,2013,030401005,有载调压变压器,I0140203002,变压器,partial_match,88.6,c6ae4804-f442-4cdc-9295-85cafe6b1acb,2026-09-14 10:54,2026-09-14 10:54
647,2013,030401006,电炉变压器,I0140203002,变压器,partial_match,92.0,2364c85c-8c78-48e5-8f72-3a38d2358b84,2026-09-14 10:54,2026-09-14 10:54
649,2013,030402001,油断路器,I0140206029,断路器,partial_match,95.0,1b134ce6-00c7-44d1-8531-13e885b18aaf,2026-09-14 10:54,2026-09-14 10:54
650,2013,030402002,真空断路器,I0140206029,断路器,partial_match,92.0,b2ea312a-6488-47b3-8fdb-955f86b06d3f,2026-09-14 10:54,2026-09-14 10:54
651,2013,030402003,SF6 断路器,I0140206029,断路器,partial_match,88.6,bfd6632b-4ae2-4c93-8176-0f295e0ddbca,2026-09-14 10:54,2026-09-14 10:54
652,2013,030402004,空气断路器,I0140206029,断路器,partial_match,92.0,32052d51-5950-4113-9ff3-461cb74a30ff,2026-09-14 10:54,2026-09-14 10:54
653,2013,030402005,真空接触器,I0210105015,真空表,fuzzy_name,72.0,a1998212-3c53-4e7b-a78f-79464caa3360,2026-09-14 10:54,2026-09-14 10:54
654,2013,030402006,隔离开关,I0140301113,隔离开关,exact_name,100.0,bb74854a-7e76-46ed-bc81-fb2189f6ba37,2026-09-14 10:54,2026-09-14 10:54
655,2013,030402007,负荷开关,I0140202098,负荷开关箱,partial_match,91.0,6645a582-9168-4790-868c-5b04383cce84,2026-09-14 10:54,2026-09-14 10:54
656,2013,030402008,互感器,I0140801019,互感器,exact_name,100.0,049546f0-24d7-4584-8c88-d8591c7a3551,2026-09-14 10:54,2026-09-14 10:54
657,2013,030402009,高压熔断器,I0140101008,熔断器,partial_match,92.0,8934582d-b099-483b-9169-abc27813895a,2026-09-14 10:54,2026-09-14 10:54
658,2013,030402010,避雷器,I0140103001,避雷器,exact_name,100.0,27ac275d-d7b5-4ed1-a53d-386b209f46df,2026-09-14 10:54,2026-09-14 10:54
2334,2024,030402011,成套配电箱,I0140202016,配电箱,partial_match,92.0,25b79969-b885-4fc2-a61e-7941da34f11a,2026-09-14 10:54,2026-09-14 10:54
661,2013,030402015,"并联补偿电
容器组架",I0010207001,容器板,fuzzy_name,68.4,c6821434-be23-4d2a-b0f8-0581eb40206c,2026-09-14 10:54,2026-09-14 10:54
662,2013,030402017,"高压成套配
电柜",I0080407023,电视柜,fuzzy_name,72.0,3f27523f-7afd-4631-86a4-75407b6f1b62,2026-09-14 10:54,2026-09-14 10:54
2340,2024,030403005,封闭母线,I0340101012,封闭母线,exact_name,100.0,94ae0b6e-d99f-4b34-9cfd-7b16d3601419,2026-09-14 10:54,2026-09-14 10:54
669,2013,030403007,始端箱、分线箱,I0350101054,分线箱,partial_match,88.6,8148e4cf-7583-4a12-9663-40fb33d2c822,2026-09-14 10:54,2026-09-14 10:54
2344,2024,030403009,母线绝缘热缩管,I0120202007,热缩管,partial_match,88.6,b6cac4cf-8b01-466c-92fb-ab5c0ec05c94,2026-09-14 10:54,2026-09-14 10:54
671,2013,030404001,控制屏,I0140202039,控制箱 风机控制箱,fuzzy_name,72.0,4b075ebc-d41b-49d6-a262-c18231ec3322,2026-09-14 10:54,2026-09-14 10:54
677,2013,030404008,可控硅柜,I0140801017,可控硅,partial_match,95.0,b0fca17e-fb9a-4b79-8faf-2dcd688f253c,2026-09-14 10:54,2026-09-14 10:54
681,2013,030404012,蓄电池屏（柜）,I0140801039,蓄电池,partial_match,88.6,c4011b22-dd33-4653-b667-7c9123010cbc,2026-09-14 10:54,2026-09-14 10:54
2357,2024,030404013,控制台,I0350101309,自定义网络寻呼控制台,partial_match,81.0,ad3c9dd1-0dd8-4047-a9e6-4975f3b4245b,2026-09-14 10:54,2026-09-14 10:54
2358,2024,030404014,控制箱、同期小屏,I0171701050,控制箱,partial_match,87.5,e8b0e824-8f01-4420-958e-066b7970e298,2026-09-14 10:54,2026-09-14 10:54
684,2013,030404015,控制台,I0350101309,自定义网络寻呼控制台,partial_match,81.0,38e25037-3718-4c4e-9a19-53a8c9d00508,2026-09-14 10:54,2026-09-14 10:54
685,2013,030404016,控制箱,I0171701050,控制箱,exact_name,100.0,1519ec14-c93a-4a0f-af0e-8ecf2af39793,2026-09-14 10:54,2026-09-14 10:54
686,2013,030404017,配电箱,I0140202016,配电箱,exact_name,100.0,9707c9c9-7148-4fba-a1b1-c6306e15170c,2026-09-14 10:54,2026-09-14 10:54
687,2013,030404018,插座箱,I0140202042,插座箱,exact_name,100.0,a40c936e-8577-4986-9a5f-032476106fcd,2026-09-14 10:54,2026-09-14 10:54
689,2013,030404020,低压熔断器,I0140101008,熔断器,partial_match,92.0,c36749fb-d8cf-4704-a65c-a43fa15343e5,2026-09-14 10:54,2026-09-14 10:54
690,2013,030404021,限位开关,I0140301093,限位开关,exact_name,100.0,2a0822b3-7c68-49a8-bdb6-06cc67fb71c5,2026-09-14 10:54,2026-09-14 10:54
691,2013,030404022,控制器,I0260101095,控制器,exact_name,100.0,c8b363b1-58f5-4dea-9258-5353da381d49,2026-09-14 10:54,2026-09-14 10:54
692,2013,030404023,接触器,I0140301115,交流接触器,partial_match,87.0,5e990851-64af-447b-9a8e-778c9361f7cc,2026-09-14 10:54,2026-09-14 10:54
693,2013,030404024,磁力启动器,I0140206005,磁力启动器,exact_name,100.0,2dccdb48-3b98-45f3-962d-00eeb340dc4a,2026-09-14 10:54,2026-09-14 10:54
694,2013,030404025,Y-△自耦减压启动器,I0140206039,启动器,partial_match,86.0,9bc4eb78-2c15-4aeb-aed5-5ea1a64361d0,2026-09-14 10:54,2026-09-14 10:54
695,2013,030404026,电磁铁(电磁制动器),I0150101028,电磁锁,fuzzy_name,72.0,d9df1c5d-afa9-4f18-b9f3-0e97b1e1277b,2026-09-14 10:54,2026-09-14 10:54
697,2013,030404028,电阻器,I0140206006,反时限过流继电器,fuzzy_name,72.0,a8b48bde-3dd1-4d79-bea1-f96702c3eda7,2026-09-14 10:54,2026-09-14 10:54
698,2013,030404029,油浸频敏变阻器,I0350101317,接线端子,feature_match,100.0,2e631c38-3738-4162-baeb-67177ace0f84,2026-09-14 10:54,2026-09-14 10:54
699,2013,030404030,分流器,I0311301032,导线分流器,partial_match,87.0,a07145fa-6b5e-4619-9c43-46ca7722b0c2,2026-09-14 10:54,2026-09-14 10:54
700,2013,030404031,小电器,I0140206006,反时限过流继电器,fuzzy_name,72.0,765eea2a-9d80-4637-a6a6-836b3cf1bd70,2026-09-14 10:54,2026-09-14 10:54
701,2013,030404032,端子箱,I0140801029,端子箱户外,partial_match,87.0,6aa957d8-f7c2-46b7-b5f3-e4a11debacc9,2026-09-14 10:54,2026-09-14 10:54
702,2013,030404033,风扇,I0320301045,排风扇,partial_match,88.3,ecf395b4-59dd-44f1-b883-b1a31059fcf5,2026-09-14 10:54,2026-09-14 10:54
705,2013,030405001,蓄电池,I0140801039,蓄电池,exact_name,100.0,fc3b3f6c-b901-4b1a-992c-b2b3fbc7e636,2026-09-14 10:54,2026-09-14 10:54
2360,2024,030405002,低压熔断器,I0140101008,熔断器,partial_match,92.0,f784f05f-0002-4cbe-bfb1-9df14ad2c3cf,2026-09-14 10:54,2026-09-14 10:54
2361,2024,030405003,限位开关,I0140301093,限位开关,exact_name,100.0,1a403dd9-5917-4698-a98f-9cb96d79c467,2026-09-14 10:54,2026-09-14 10:54
2362,2024,030405004,控制器,I0260101095,控制器,exact_name,100.0,a99d3943-1207-45d9-97f5-a2d79b2da02d,2026-09-14 10:54,2026-09-14 10:54
2363,2024,030405005,接触器、磁力启动器,I0140206005,磁力启动器,partial_match,91.1,b7d5553d-01be-4d89-b69b-647cbb936016,2026-09-14 10:54,2026-09-14 10:54
2364,2024,030405006,Y-△自耦减压启动器,I0140206039,启动器,partial_match,86.0,2510f938-afbf-40a7-8cf1-3f53e21da26c,2026-09-14 10:54,2026-09-14 10:54
2365,2024,030405007,电磁铁(电磁制动器),I0150101028,电磁锁,fuzzy_name,72.0,706d2657-d4e6-48a3-9b00-897d38198bcb,2026-09-14 10:54,2026-09-14 10:54
2367,2024,030405009,电阻器,I0140206006,反时限过流继电器,fuzzy_name,72.0,2db1e2a0-2a57-4a41-bdb5-611a70b25929,2026-09-14 10:54,2026-09-14 10:54
2368,2024,030405010,油浸频敏变阻器,I0350101317,接线端子,feature_match,100.0,41b851d1-824d-4594-87ca-65f3792003cb,2026-09-14 10:54,2026-09-14 10:54
2369,2024,030405011,分流器,I0311301032,导线分流器,partial_match,87.0,a4bfb1ef-1bd8-4111-a16d-2de39b32626c,2026-09-14 10:54,2026-09-14 10:54
2370,2024,030405012,自动调压器,I0140203002,变压器,fuzzy_name,72.0,637aa420-b829-44e3-941e-12dc4e8229b2,2026-09-14 10:54,2026-09-14 10:54
2371,2024,030405013,小电器,I0140206006,反时限过流继电器,fuzzy_name,72.0,b5a46d78-ba3f-4eb5-b9a2-82340effadb5,2026-09-14 10:54,2026-09-14 10:54
2372,2024,030405014,端子箱,I0140801029,端子箱户外,partial_match,87.0,ea82be16-dd3f-4570-b042-d80b4bc8c4b6,2026-09-14 10:54,2026-09-14 10:54
2373,2024,030405015,风扇,I0320301045,排风扇,partial_match,88.3,5daadf6e-922a-43f0-8406-3afae5993d14,2026-09-14 10:54,2026-09-14 10:54
2374,2024,030405016,充电桩,I0200801208,充电式电钻旋具,fuzzy_name,72.0,6b5a7fe8-e3d6-40a0-9102-e97c662f104c,2026-09-14 10:54,2026-09-14 10:54
707,2013,030406001,发电机,I0281001004,发电机,exact_name,100.0,c6d0754d-9f03-4642-a61e-aee9faf597b5,2026-09-14 10:54,2026-09-14 10:54
708,2013,030406002,调相机,I0320104002,相机 美能达,fuzzy_name,72.0,733d35a4-4db1-4997-a841-2ae74540c257,2026-09-14 10:54,2026-09-14 10:54
709,2013,030406003,普通小型直流电动机,I0281001003,电动机,partial_match,86.7,0f523c32-3a5e-40ed-ba43-dbf1846d5847,2026-09-14 10:54,2026-09-14 10:54
710,2013,030406004,可控硅调速直流电动机,I0140801017,可控硅,partial_match,86.0,d41b695b-6f09-40da-bade-d2c7cc863bbc,2026-09-14 10:54,2026-09-14 10:54
711,2013,030406005,普通交流同步电动机,I0281001003,电动机,partial_match,86.7,ffa6a197-9337-4312-9197-46f9000cd792,2026-09-14 10:54,2026-09-14 10:54
712,2013,030406006,低压交流异步电动机,I0281001003,电动机,partial_match,86.7,f9d6b8fe-1107-4579-b37c-6f4c365c3885,2026-09-14 10:54,2026-09-14 10:54
713,2013,030406007,高压交流异步电动机,I0281001003,电动机,partial_match,86.7,a0a8ad35-33a4-4855-b23d-5e70645b4396,2026-09-14 10:54,2026-09-14 10:54
714,2013,030406008,交流变频调速电动机,I0281001003,电动机,partial_match,86.7,57a8979c-458e-4701-85cd-2797a4be15de,2026-09-14 10:54,2026-09-14 10:54
716,2013,030406010,电动机组,I0281001003,电动机,partial_match,95.0,7afc6b85-5d6a-4742-8bcc-42d53d349194,2026-09-14 10:54,2026-09-14 10:54
717,2013,030406011,备用励磁机组,I0350101317,接线端子,feature_match,100.0,ace9efc6-2561-4794-bbe0-ffd981812043,2026-09-14 10:54,2026-09-14 10:54
718,2013,030406012,励磁电阻器,I0350101317,接线端子,feature_match,100.0,f1fb99db-b51f-4f00-a629-3e9cf8d24fdd,2026-09-14 10:54,2026-09-14 10:54
719,2013,030407001,滑触线,I0140801068,滑触线伸缩器,partial_match,85.0,07838e61-e707-4455-ba90-29665d9792e6,2026-09-14 10:54,2026-09-14 10:54
2384,2024,030407002,直流发电机,I0281001004,发电机,partial_match,92.0,4bf15e7b-5a71-4196-9302-873fa70d0f45,2026-09-14 10:54,2026-09-14 10:54
2386,2024,030407004,小型电动机,I0281001003,电动机,partial_match,92.0,78d0d9d1-95e7-49f4-9042-7f84a20c7254,2026-09-14 10:54,2026-09-14 10:54
2387,2024,030407005,大中型电动机,I0281001003,电动机,partial_match,90.0,80e17121-2afa-476b-b581-929ec43704d7,2026-09-14 10:54,2026-09-14 10:54
2388,2024,030407006,变频机组,I0350101317,接线端子,feature_match,100.0,999c7be6-9e3f-42fb-87aa-50e9519b84fd,2026-09-14 10:54,2026-09-14 10:54
720,2013,030408001,电力电缆,I0310401006,电力电缆,exact_name,100.0,4ad6bcb3-28f9-455a-bbf0-cf8473db3cb9,2026-09-14 10:54,2026-09-14 10:54
721,2013,030408002,控制电缆,I0310901002,控制电缆,exact_name,100.0,218bc19a-f7e1-4f62-8717-e4836132e32e,2026-09-14 10:54,2026-09-14 10:54
724,2013,030408006,电缆终端头,I0350101449,矿物电缆终端头,partial_match,89.3,b0e09b9c-d2bc-4c51-949a-450a53a3f1a4,2026-09-14 10:54,2026-09-14 10:54
726,2013,030408008,防火堵洞,I0070302002,电缆防火堵料,fuzzy_name,67.5,12d3a57f-5c6b-43bb-bd5f-c4bf4ba6e0b1,2026-09-14 10:54,2026-09-14 10:54
728,2013,030408010,防火涂料,I0110201010,防火涂料,exact_name,100.0,2bb86435-632c-4108-935a-45a8d1c6c178,2026-09-14 10:54,2026-09-14 10:54
729,2013,030408011,电缆分支箱,I0311301014,矿物电缆分支箱,partial_match,89.3,fe38fb3b-dd2a-4c4a-897f-27890256f5b7,2026-09-14 10:54,2026-09-14 10:54
730,2013,030409001,接地极,I0010104004,锌包钢接地极,partial_match,85.0,e7300e0c-99f0-41d6-8fcf-6fded5d3aa77,2026-09-14 10:54,2026-09-14 10:54
731,2013,030409002,接地母线,I0140801061,接地母线,exact_name,100.0,4651180f-5709-4fcf-a455-016182e4830d,2026-09-14 10:54,2026-09-14 10:54
732,2013,030409003,避雷引下线,I0140103001,避雷器,fuzzy_name,72.0,df0794f0-ec6a-4fe5-ac27-b96f3b0f0b2e,2026-09-14 10:54,2026-09-14 10:54
733,2013,030409004,均压环,I0210302001,压环式直通终端接头,fuzzy_name,72.0,ff82764e-56d2-447f-89b8-ae9978f67ba0,2026-09-14 10:54,2026-09-14 10:54
734,2013,030409005,避雷网,I0140103001,避雷器,fuzzy_name,66.7,7e10e22d-21e0-4055-a099-1c62dc20fd4b,2026-09-14 10:54,2026-09-14 10:54
735,2013,030409006,避雷针,I0140103001,避雷器,fuzzy_name,66.7,04484aea-fd2a-4188-a8de-0b6c1f034dc3,2026-09-14 10:54,2026-09-14 10:54
736,2013,030409008,等电位端子箱、测试板,I0140202040,等电位箱,fuzzy_name,77.1,2cf8e105-9c42-41f9-b79d-fb02a7b2cbd9,2026-09-14 10:54,2026-09-14 10:54
737,2013,030409009,绝缘垫,I0140801058,绝缘垫,exact_name,100.0,aeb7faac-13ea-42bb-87b5-935ca56c7fa3,2026-09-14 10:54,2026-09-14 10:54
738,2013,030409010,浪涌保护器,I0350101179,星三角箱加热保护器,fuzzy_name,67.5,dc391708-6110-4717-829e-2c57020c26cc,2026-09-14 10:54,2026-09-14 10:54
739,2013,030409011,降阻剂,I0040205001,阻锈剂,fuzzy_name,66.7,0b83f5c2-ac6a-45ca-b0b3-ef24faf15884,2026-09-14 10:54,2026-09-14 10:54
2400,2024,030409012,电缆防火涂料,I0110201010,防火涂料,partial_match,93.3,e15cd7ed-51b7-433b-8d59-2c61cc35499e,2026-09-14 10:54,2026-09-14 10:54
2401,2024,030410001,接地极,I0010104004,锌包钢接地极,partial_match,85.0,2d5504cb-2b77-4e07-b44a-4ef8d9bb3030,2026-09-14 10:54,2026-09-14 10:54
2402,2024,030410002,接地母线,I0140801061,接地母线,exact_name,100.0,c985c212-2af5-4dc4-b01e-9c21acf6f331,2026-09-14 10:54,2026-09-14 10:54
2403,2024,030410004,均压环,I0210302001,压环式直通终端接头,fuzzy_name,72.0,ede209f5-25e7-4f74-9c3e-1655a8b310dc,2026-09-14 10:54,2026-09-14 10:54
2404,2024,030410007,等电位端子箱、测试板,I0140202040,等电位箱,fuzzy_name,77.1,f94acf58-481c-458f-af4a-903de9086f59,2026-09-14 10:54,2026-09-14 10:54
2405,2024,030410008,绝缘垫,I0140801058,绝缘垫,exact_name,100.0,6d7a9aa7-b41a-477c-8dca-48e6276dd6e0,2026-09-14 10:54,2026-09-14 10:54
2406,2024,030410009,智能防雷装置,I0350101048,防爆装置,fuzzy_name,67.5,0de41731-cc5a-4cb4-a51a-53f62615247c,2026-09-14 10:54,2026-09-14 10:54
2407,2024,030410010,降阻剂,I0040205001,阻锈剂,fuzzy_name,66.7,70d45c76-81d1-4ae2-b8bc-43f2d8768c74,2026-09-14 10:54,2026-09-14 10:54
744,2013,030411001,电力变压器系统,I0140203002,变压器,partial_match,88.6,067b752e-e5e8-47d0-9c52-482dfe546399,2026-09-14 10:54,2026-09-14 10:54
2408,2024,030411003,横担组装,I0140401047,槽式桥架及配件,partial_match,90.0,486081ba-1a44-47c0-9dac-b0376161efff,2026-09-14 10:54,2026-09-14 10:54
3455,2013,030411004,配线,I0310101018,BV铜芯线,manual_confirm,100.0,a11de959-e98b-4f2e-bb1a-353ce036558b,2026-09-21 14:36,2026-09-21 14:36
747,2013,030411007,不间断电源,I0140202037,单相不停电电源 不间断电源,partial_match,82.7,afaa9691-b603-44c1-89b9-5a1881536979,2026-09-14 10:54,2026-09-14 10:54
749,2013,030411009,避雷器,I0140103001,避雷器,exact_name,100.0,0439b6f1-035e-466f-94cb-2722eb9ce10d,2026-09-14 10:54,2026-09-14 10:54
751,2013,030411011,接地装置,I0140206030,防爆防腐插接装置,fuzzy_name,77.1,5d4ce527-8f5d-4fae-a200-0928a5c5ccf3,2026-09-14 10:54,2026-09-14 10:54
752,2013,030411013,电除尘器,I0350101440,本安型人体静电消除器,fuzzy_name,67.5,9dfe00b2-d0b5-4e47-a7af-905407050cc1,2026-09-14 10:54,2026-09-14 10:54
753,2013,030411014,硅整流设备、可控硅整流装置,I0140801017,可控硅,partial_match,84.6,e651867c-a9fd-4324-811b-a2ab3b0eb782,2026-09-14 10:54,2026-09-14 10:54
755,2013,030412001,配管,I0140206058,电气配管,partial_match,85.0,05bc0874-364c-47c1-b68b-ae31c73765ac,2026-09-14 10:54,2026-09-14 10:54
757,2013,030412003,桥架,I0140401055,梯式桥架,partial_match,85.0,ae39034c-8203-4c39-b5eb-1a1ae1eaf8af,2026-09-14 10:54,2026-09-14 10:54
758,2013,030412004,配线,I0140404002,配线桥架,partial_match,85.0,a8f9b6b5-7c11-4ab6-9bad-5e6952372cd0,2026-09-14 10:54,2026-09-14 10:54
759,2013,030412005,接线箱,I0140612096,防爆接线箱,partial_match,87.0,0b3c1ffd-590a-4796-9aef-2b593e2aae36,2026-09-14 10:54,2026-09-14 10:54
760,2013,030412006,接线盒,I0140612101,接线盒,exact_name,100.0,8d337213-4164-4da2-b4fa-14df807b712f,2026-09-14 10:54,2026-09-14 10:54
2417,2024,030412007,连接短管,I0140612023,防爆挠性连接管,fuzzy_name,77.1,eeb7677a-a996-4124-99cf-567f06ae9362,2026-09-14 10:54,2026-09-14 10:54
762,2013,030413002,工厂灯,I0140608001,侧照型工厂灯金属卤素灯,partial_match,80.5,661286a5-fe10-4ee2-bb6c-8099ce2f6c4c,2026-09-14 10:54,2026-09-14 10:54
2421,2024,030413003,荧光灯,I0140606049,荧光灯,exact_name,100.0,4deb9933-86ff-4438-892f-4082531f9f97,2026-09-14 10:54,2026-09-14 10:54
763,2013,030413004,装饰灯,I0010411006,装饰压边铜条,fuzzy_name,72.0,93282659-5a03-46da-b6f8-9c80891b12db,2026-09-14 10:54,2026-09-14 10:54
764,2013,030413005,荧光灯,I0140606049,荧光灯,exact_name,100.0,d8ce58ca-2674-4f28-af45-2da38094f7e9,2026-09-14 10:54,2026-09-14 10:54
2424,2024,030413006,高度标志灯、障碍灯,I0140609009,标志灯,partial_match,86.7,f45ca16d-f848-4a22-9d0b-9a2dc054aa40,2026-09-14 10:54,2026-09-14 10:54
766,2013,030413008,中杆灯,I0140602001,高杆灯,fuzzy_name,66.7,069adfdb-43ca-4069-8ae1-b7dc1c19bc3a,2026-09-14 10:54,2026-09-14 10:54
767,2013,030413009,高杆灯,I0140602001,高杆灯,exact_name,100.0,cdd18060-7344-4896-854c-69054a832c79,2026-09-14 10:54,2026-09-14 10:54
2427,2024,030413012,景观灯,I0320301003,景观休闲座椅,fuzzy_name,72.0,a1f0b9a2-84fd-4092-abb6-03eb945babfb,2026-09-14 10:54,2026-09-14 10:54
2430,2024,030413015,照明系统调试,I0140202023,照明箱,fuzzy_name,72.0,e2a55634-deea-4953-8db6-c3b06a44f6b5,2026-09-14 10:54,2026-09-14 10:54
769,2013,030414002,铁构件开孔,I0190801019,开孔器,fuzzy_name,72.0,47cb5c19-645c-4176-863e-e106d887154e,2026-09-14 10:54,2026-09-14 10:54
770,2013,030414003,凿（压）槽,I0030129,混凝土,feature_match,100.0,aaf165eb-c459-41c4-94ab-a591a1c78236,2026-09-14 10:54,2026-09-14 10:54
771,2013,030414004,打洞（孔）,I0030129,混凝土,feature_match,100.0,bbe5eaf2-9ef1-414f-bd88-30b33fa02b19,2026-09-14 10:54,2026-09-14 10:54
772,2013,030414005,管道包封,I0030129,混凝土,feature_match,100.0,01476341-a875-470e-9698-5cebaa129854,2026-09-14 10:54,2026-09-14 10:54
2431,2024,030415001,穿墙板,I0020401009,ALC加气墙板,fuzzy_name,72.0,2ea9e9f2-c9a1-48c4-a435-15b252f0deaa,2026-09-14 10:54,2026-09-14 10:54
2432,2024,030416001,发电机,I0281001004,发电机,exact_name,100.0,10821132-8213-45cd-8a1b-457ca2d7389c,2026-09-14 10:54,2026-09-14 10:54
2433,2024,030416003,发电机主变压器组,I0140203002,变压器,partial_match,87.5,1a830c35-93ab-4ba0-a75c-46184548c941,2026-09-14 10:54,2026-09-14 10:54
2434,2024,030416004,发电机同期系统,I0281001004,发电机,partial_match,88.6,1db55c31-da38-4a34-9d83-a34014a45167,2026-09-14 10:54,2026-09-14 10:54
2435,2024,030416005,电力变压器系统,I0140203002,变压器,partial_match,88.6,c4476b0c-92a9-418a-bb1d-ee5e72795b10,2026-09-14 10:54,2026-09-14 10:54
2438,2024,030416008,保护装置,I0350101436,罐体阴极保护装置,partial_match,85.0,3da5b880-6304-481a-ab10-4f83a674ce95,2026-09-14 10:54,2026-09-14 10:54
2440,2024,030416014,电除尘器,I0350101440,本安型人体静电消除器,fuzzy_name,67.5,66bdb04c-72ca-482c-ad84-9f4fe1585afb,2026-09-14 10:54,2026-09-14 10:54
2441,2024,030416016,硅整流设备、可控硅整流装置,I0140801017,可控硅,partial_match,84.6,2b660db7-6133-4ce4-8b5e-8f6bc8250b04,2026-09-14 10:54,2026-09-14 10:54
2442,2024,030416017,电动机负载调试,I0281001003,电动机,partial_match,88.6,d7aa13b8-0ece-4f21-8c52-16b4a5fbbf40,2026-09-14 10:54,2026-09-14 10:54
2444,2024,030416019,组合成套箱式变电站系统,I0140203002,变压器,feature_match,100.0,5de476ba-4e40-4d74-9939-d0634ed3e2f6,2026-09-14 10:54,2026-09-14 10:54
2445,2024,030416020,微机监控系统,I0260101234,净化空调中央监控系统,fuzzy_name,72.0,5afd9bbb-2ab3-43ee-994b-bb5edc2afb34,2026-09-14 10:54,2026-09-14 10:54
2447,2024,030416027,接地装置,I0140206030,防爆防腐插接装置,fuzzy_name,77.1,d5bc1054-5fbb-4953-9988-4c6386b78fb0,2026-09-14 10:54,2026-09-14 10:54
2450,2024,030501006,操作台,I0010603053,单层平板操作台,partial_match,83.6,295ca5bb-2dd7-4c41-be50-8b4d7769e75d,2026-09-14 10:54,2026-09-14 10:54
776,2013,030501007,接口卡,I0160501001,内扣式消防水带接口,fuzzy_name,72.0,568ec9a2-d152-46aa-ba51-829e715fbc0c,2026-09-14 10:54,2026-09-14 10:54
777,2013,030501008,集线器,I0350101330,集水器,fuzzy_name,66.7,db04ed37-41bb-4046-89f9-149f7c46bea4,2026-09-14 10:54,2026-09-14 10:54
778,2013,030501009,路由器,I0320105014,网络路由器,partial_match,87.0,9e930e39-0993-43bc-98d1-f7276b3667ee,2026-09-14 10:54,2026-09-14 10:54
779,2013,030501010,收发器,I0350101301,光纤收发器,partial_match,87.0,a3d574bf-5048-4197-a2c1-cc7eb6fe78a8,2026-09-14 10:54,2026-09-14 10:54
780,2013,030501011,防火墙,I0010203021,防火镀锌铁板,fuzzy_name,72.0,491760e1-b25d-40cb-8056-45b533838af2,2026-09-14 10:54,2026-09-14 10:54
781,2013,030501012,交换机,I0350101095,交换机,exact_name,100.0,1a26e561-939e-4628-86a5-800c668c26dc,2026-09-14 10:54,2026-09-14 10:54
782,2013,030501013,网络服务器,I0310301006,网络线,fuzzy_name,72.0,988e3cd1-2e26-4f8d-97e8-ef78bf5735d6,2026-09-14 10:54,2026-09-14 10:54
783,2013,030501014,计算机应用、网络系统接地,I0320301056,计算器,fuzzy_name,72.0,bf7d687d-a56f-4365-a3a2-806b04e4c6b6,2026-09-14 10:54,2026-09-14 10:54
784,2013,030501015,计算机应用、网络系统系统联调,I0320301056,计算器,fuzzy_name,72.0,d459d0dd-aae5-4752-bf42-221ece7616ff,2026-09-14 10:54,2026-09-14 10:54
785,2013,030501016,计算机应用、网络系统试运行,I0320301056,计算器,fuzzy_name,72.0,a8603846-9add-49aa-a59a-d51663edf6e1,2026-09-14 10:54,2026-09-14 10:54
786,2013,030501017,软件,I0350101308,室外系统管理软件包,partial_match,79.4,2f65403d-e9d3-4f11-8de8-62d2126fbb3c,2026-09-14 10:54,2026-09-14 10:54
2461,2024,030501019,服务器,I0080204077,服务台屏风,fuzzy_name,72.0,4088ca0c-e1c5-46b2-9e3a-1e725024a18d,2026-09-14 10:54,2026-09-14 10:54
2462,2024,030501022,计算机应用、网络系统联调及试运行,I0320301056,计算器,fuzzy_name,72.0,75d8d8f8-6df1-4ed4-bfc2-bc9c5876ca33,2026-09-14 10:54,2026-09-14 10:54
2463,2024,030501023,软件,I0350101308,室外系统管理软件包,partial_match,79.4,8dc944fb-f123-4e56-aa21-ad780e223709,2026-09-14 10:54,2026-09-14 10:54
2464,2024,030502001,光缆分纤箱、光缆交接箱、分线接线箱,I0350101054,分线箱,fuzzy_name,72.0,a003e467-5fc2-4fcd-87eb-995dd1d292d7,2026-09-14 10:54,2026-09-14 10:54
2465,2024,030502002,电话插座,I0140302110,电话插座,exact_name,100.0,fecc3111-8c21-4c4b-98c6-e29477dd2a8f,2026-09-14 10:54,2026-09-14 10:54
788,2013,030502003,分线接线箱（盒）,I0350101054,分线箱,fuzzy_name,72.0,f37b5b47-a81c-4c5a-a7e9-f36894ca9691,2026-09-14 10:54,2026-09-14 10:54
789,2013,030502004,电视、电话插座,I0140302110,电话插座,partial_match,91.4,11bd502a-44d5-4067-9c84-0e32a4c14cf6,2026-09-14 10:54,2026-09-14 10:54
790,2013,030502005,双绞线缆,I0310301075,BV双绞线,fuzzy_name,66.7,701a6230-8e4d-4e82-9f1f-fe7922ad5acf,2026-09-14 10:54,2026-09-14 10:54
792,2013,030502007,光缆,I0311301029,光缆接头盒,partial_match,83.0,30232396-6a84-4408-b0c9-43f4b3cee729,2026-09-14 10:54,2026-09-14 10:54
2469,2024,030502008,配线架,I0140404002,配线桥架,fuzzy_name,85.7,2add05a6-f806-4e8b-920a-6c73827949ac,2026-09-14 10:54,2026-09-14 10:54
2470,2024,030502009,跳线架,I0140406005,电缆扎线架,fuzzy_name,72.0,3d0ab834-93aa-4e02-b063-b5af9a49b9d4,2026-09-14 10:54,2026-09-14 10:54
794,2013,030502010,配线架,I0140404002,配线桥架,fuzzy_name,85.7,d060cc91-6245-4b45-9a40-609831686a04,2026-09-14 10:54,2026-09-14 10:54
795,2013,030502011,跳线架,I0140406005,电缆扎线架,fuzzy_name,72.0,c452a02c-c50f-4750-8b2e-f7225bb1d18f,2026-09-14 10:54,2026-09-14 10:54
797,2013,030502013,光纤盒,I0350101301,光纤收发器,fuzzy_name,72.0,1f421010-a749-4612-abbe-107846865cb4,2026-09-14 10:54,2026-09-14 10:54
2473,2024,030502018,大对数电缆、电话线测试,I0140303055,电话线,partial_match,85.5,ac5c80cb-2b82-48ba-a839-a9c6d529cbbd,2026-09-14 10:54,2026-09-14 10:54
2474,2024,030503001,通讯网络控制设备,I0350101151,通讯网关卡,fuzzy_name,67.5,cdab8525-a67d-418d-a106-2ba602bbdd3d,2026-09-14 10:54,2026-09-14 10:54
798,2013,030503002,通讯网络控制设备,I0350101151,通讯网关卡,fuzzy_name,67.5,7e227c89-c248-4d8a-a719-c94bf729f4fd,2026-09-14 10:54,2026-09-14 10:54
799,2013,030503003,控制器,I0260101095,控制器,exact_name,100.0,8953df80-df2f-4f83-9252-2783c97b5631,2026-09-14 10:54,2026-09-14 10:54
800,2013,030503004,控制箱,I0171701050,控制箱,exact_name,100.0,c086b3ef-17fb-4e2a-afed-77235f987b51,2026-09-14 10:54,2026-09-14 10:54
2477,2024,030503005,传感器,I0140206064,室内压力传感器,partial_match,83.6,02d5a7e5-6ba4-4fa7-b87b-da6998e4185d,2026-09-14 10:54,2026-09-14 10:54
801,2013,030503006,传感器,I0140206064,室内压力传感器,partial_match,83.6,1ee2663a-76f4-4a76-8d26-724838722ae8,2026-09-14 10:54,2026-09-14 10:54
802,2013,030503007,电动调节阀执行机构,I0260211114,电动调节阀,partial_match,91.1,2dc62765-28e6-4f17-a7ee-cef0bd53b8d1,2026-09-14 10:54,2026-09-14 10:54
803,2013,030503008,电动、电磁阀门,I0260301018,电磁阀,partial_match,88.6,65ca7ea1-a1d3-4b0e-8098-5e35dfedf000,2026-09-14 10:54,2026-09-14 10:54
804,2013,030503009,建筑设备自控化系统调试,I0360301024,系统试压及调试,fuzzy_name,65.5,b26ecc35-6be7-450b-bd33-229cef50d762,2026-09-14 10:54,2026-09-14 10:54
2480,2024,030503013,电量变送器,I0180208300,监控传感器 压力变送器 电导变送器 液位变送器,fuzzy_name,72.0,0173257d-2457-4512-9ead-9f8c5a517a63,2026-09-14 10:54,2026-09-14 10:54
805,2013,030504001,服务器,I0080204077,服务台屏风,fuzzy_name,72.0,f3a6fcb8-40eb-4d1d-8bc7-000adb2ea1b4,2026-09-14 10:54,2026-09-14 10:54
806,2013,030504002,服务器显示设备,I0150101039,服务台,fuzzy_name,72.0,e6151d46-b790-4c4a-8b7e-1c5caecea5d8,2026-09-14 10:54,2026-09-14 10:54
2483,2024,030504004,电视墙,I0080407024,电视墙,exact_name,100.0,fcd879e2-ef73-43e4-8c9a-a509d2731cb3,2026-09-14 10:54,2026-09-14 10:54
2484,2024,030504005,电视插座,I0140302111,电视插座,exact_name,100.0,f0ca1a69-bb15-4a20-822c-c930a38fe1e5,2026-09-14 10:54,2026-09-14 10:54
807,2013,030505001,共用天线,I0080407023,电视柜,feature_match,72.0,54503ed7-62c9-4189-8c21-b76c2675df7d,2026-09-14 10:54,2026-09-14 10:54
809,2013,030505004,电视墙,I0080407024,电视墙,exact_name,100.0,ea60f927-dbf3-4faf-99f5-6122c4bbf581,2026-09-14 10:54,2026-09-14 10:54
2489,2024,030505005,扬声器,I0350101064,挂壁扬声器,partial_match,87.0,6e6e09b1-5456-4dbf-aa56-ea53bd83fc7d,2026-09-14 10:54,2026-09-14 10:54
2490,2024,030505006,电源,I0310301001,电源线,partial_match,88.3,e7235d48-6b06-4d57-a2b6-b58ef2ddff1d,2026-09-14 10:54,2026-09-14 10:54
2491,2024,030505007,会议专用设备,I0320301083,会议桌,fuzzy_name,72.0,129aefa6-cae9-4c00-a0de-3b608cc4ac12,2026-09-14 10:54,2026-09-14 10:54
2492,2024,030505014,信号采集设备,I0171701020,信号阀,fuzzy_name,72.0,0fafa7aa-118f-4598-b3bb-a87adf981ee7,2026-09-14 10:54,2026-09-14 10:54
2493,2024,030505015,信号处理设备,I0171701020,信号阀,fuzzy_name,72.0,adf4a5c9-63d5-443e-8a5a-22915740e224,2026-09-14 10:54,2026-09-14 10:54
2494,2024,030505018,录编设备,I0350101058,工艺Ⅱ(录设备1),fuzzy_name,67.5,a38bda3e-4dbb-4599-a89c-ae7063866996,2026-09-14 10:54,2026-09-14 10:54
2495,2024,030506001,入侵探测器,I0160401022,离子感烟火灾探测器,fuzzy_name,67.5,ea27dde9-8ffb-4341-a8f1-d1fca66d1911,2026-09-14 10:54,2026-09-14 10:54
2496,2024,030506003,入侵报警控制器,I0350101021,报警控制器,partial_match,94.3,bbb52336-4594-4e17-ad2f-7ba70135ac11,2026-09-14 10:54,2026-09-14 10:54
2497,2024,030506013,视频补偿器,I0260301011,无约束波纹补偿器,fuzzy_name,67.5,5bf596df-15a2-4366-99f6-cf794c7eea65,2026-09-14 10:54,2026-09-14 10:54
2498,2024,030506015,录像设备,I0350101058,工艺Ⅱ(录设备1),fuzzy_name,67.5,a3f54e28-05ee-4dc7-9765-a2fce9a781ca,2026-09-14 10:54,2026-09-14 10:54
2499,2024,030506018,安全检查设备,I0180101048,安全阀,fuzzy_name,72.0,ef6609b8-fc17-438a-bbab-9e9bd06c7711,2026-09-14 10:54,2026-09-14 10:54
2500,2024,030506020,安全防范分系统调试,I0180101048,安全阀,fuzzy_name,72.0,d91affeb-2e12-42ea-85a5-9174e6009f9a,2026-09-14 10:54,2026-09-14 10:54
2501,2024,030506021,安全防范系统调试及试运行,I0180101048,安全阀,fuzzy_name,72.0,6f367fca-b070-4bfb-85d4-ec09d56aca5d,2026-09-14 10:54,2026-09-14 10:54
812,2013,030507002,入侵报警控制器,I0350101021,报警控制器,partial_match,94.3,926d24e2-74d2-48c9-ba58-0e7923e11202,2026-09-14 10:54,2026-09-14 10:54
813,2013,030507011,视频补偿器,I0260301011,无约束波纹补偿器,fuzzy_name,67.5,99615704-a0e8-483f-8306-1c6ad84072ff,2026-09-14 10:54,2026-09-14 10:54
814,2013,030507013,录像设备,I0350101058,工艺Ⅱ(录设备1),fuzzy_name,67.5,f0ec8d7a-f11c-4fe8-97e6-90e3ae84b63b,2026-09-14 10:54,2026-09-14 10:54
815,2013,030507015,安全检查设备,I0180101048,安全阀,fuzzy_name,72.0,23bc6fbb-5a75-43a5-aa81-1a58329bbd4e,2026-09-14 10:54,2026-09-14 10:54
816,2013,030507017,安全防范分系统调试,I0180101048,安全阀,fuzzy_name,72.0,41a0c4c4-1c24-435b-9af0-fedd2b6993e8,2026-09-14 10:54,2026-09-14 10:54
817,2013,030507018,安全防范全系统调试,I0180101048,安全阀,fuzzy_name,72.0,84ff4481-18a7-449a-bdd1-a33037f54607,2026-09-14 10:54,2026-09-14 10:54
818,2013,030507019,安全防范系统工程试运行,I0180101048,安全阀,fuzzy_name,72.0,e6f3b667-1426-4213-a7f2-a5de85147c38,2026-09-14 10:54,2026-09-14 10:54
819,2013,030601001,温度仪表,I0210111029,温度表嘴,fuzzy_name,75.0,86e492c0-aafd-4551-81bf-9226980350b4,2026-09-14 10:54,2026-09-14 10:54
820,2013,030601002,压力仪表,I0260211095,压力表,fuzzy_name,85.7,0949d163-761e-410f-9ed4-fbae8a9c4bfa,2026-09-14 10:54,2026-09-14 10:54
821,2013,030601003,变送单元仪表,I0140612123,防爆挠性管,feature_match,90.0,66ac0810-3ff6-43e2-93d6-59c14c5b3db9,2026-09-14 10:54,2026-09-14 10:54
822,2013,030601004,流量仪表,I0140612123,防爆挠性管,feature_match,90.0,83ac1c60-e061-4852-b3c0-0e1820a7a2b8,2026-09-14 10:54,2026-09-14 10:54
823,2013,030601005,"物位
检测仪表",I0210204001,检测尺,fuzzy_name,68.4,8dd1052c-705e-49c3-9f87-8027fe97083e,2026-09-14 10:54,2026-09-14 10:54
3451,2013,030602001,电表安装,I0140202095,单相电表,manual_confirm,100.0,dd133865-26b4-4737-844a-4f72a74898f5,2026-09-21 14:32,2026-09-21 14:32
825,2013,030602003,基地式调节仪表,I0140612123,防爆挠性管,feature_match,90.0,c65c63af-087b-4153-ad8b-e89696210e4e,2026-09-14 10:54,2026-09-14 10:54
2509,2024,030602005,基地式调节仪表,I0140612123,防爆挠性管,feature_match,90.0,e9e888e6-8086-4dcb-8fe9-4123a18b3d8f,2026-09-14 10:54,2026-09-14 10:54
826,2013,030603001,执行机构,I0171701048,电动执行机构,partial_match,88.3,7d24d0a2-7d09-44ae-b3ba-7a323054abbf,2026-09-14 10:54,2026-09-14 10:54
827,2013,030603002,调节阀,I0260211097,调节阀,exact_name,100.0,f1cbdd30-3a5b-435b-bce4-9cbbcd60d74e,2026-09-14 10:54,2026-09-14 10:54
828,2013,030603003,自力式调节阀,I0260211097,调节阀,partial_match,90.0,d373d200-3147-4953-b0e9-097fe9742021,2026-09-14 10:54,2026-09-14 10:54
830,2013,030604001,测厚测宽及金属检测装置,I0260211084,测压装置,fuzzy_name,77.1,0c37d461-715c-431b-8ebf-f595893c6112,2026-09-14 10:54,2026-09-14 10:54
2516,2024,030604002,旋转机械检测仪表,I0140612123,防爆挠性管,feature_match,90.0,62b4993c-5517-49e4-8179-8898a5996b24,2026-09-14 10:54,2026-09-14 10:54
831,2013,030604003,称重及皮带跑偏检测装置,I0260211084,测压装置,fuzzy_name,77.1,bcb7bd90-dc00-44d9-8bf5-cb13ede9b07f,2026-09-14 10:54,2026-09-14 10:54
2518,2024,030604004,安全监测装置,I0260211084,测压装置,fuzzy_name,77.1,e60936dc-b462-4ed8-ac27-70d5dc747fc5,2026-09-14 10:54,2026-09-14 10:54
2519,2024,030604005,远动装置,I0140801070,升降传动装置,fuzzy_name,77.1,1db39297-9a50-4908-956a-b91e05cc7490,2026-09-14 10:54,2026-09-14 10:54
2520,2024,030604007,信号报警装置,I0171701020,信号阀,fuzzy_name,72.0,a87711d8-81aa-4860-8d1a-63ec0ddf0d56,2026-09-14 10:54,2026-09-14 10:54
2521,2024,030604008,信号报警装置柜、箱,I0171701020,信号阀,fuzzy_name,72.0,5eefa31c-19c6-4754-b5e0-92d00ca501e7,2026-09-14 10:54,2026-09-14 10:54
2522,2024,030604009,数据采集及巡回检测报警装置,I0140301188,声光报警装置,fuzzy_name,72.0,3127815e-b1b1-4b11-8e73-373941d7c518,2026-09-14 10:54,2026-09-14 10:54
2523,2024,030604010,气象环保检测仪表,I0140206050,电焊机保护箱,feature_match,90.0,69d11976-57b9-417e-b0b1-bca9b946e29c,2026-09-14 10:54,2026-09-14 10:54
833,2013,030605002,物性 检测仪表,I0210204001,检测尺,fuzzy_name,68.4,d73789b0-08d5-4714-aecf-bf7767f6fa00,2026-09-14 10:54,2026-09-14 10:54
835,2013,030605005,气象环保检测仪表,I0140206050,电焊机保护箱,feature_match,90.0,d47a4074-fd5c-4adc-932e-085395501d6b,2026-09-14 10:54,2026-09-14 10:54
836,2013,030606001,检测回路模拟试验,I0210204001,检测尺,fuzzy_name,72.0,4a61f4f4-2d80-4f1b-95cc-2beb5817464e,2026-09-14 10:54,2026-09-14 10:54
837,2013,030606002,调节回路模拟试验,I0260211097,调节阀,fuzzy_name,72.0,a364d928-b466-4d76-9153-d40c29f5b86b,2026-09-14 10:54,2026-09-14 10:54
838,2013,030606003,报警联锁回路模拟试验,I0180208301,报警器,fuzzy_name,72.0,6e25af25-825f-4714-ae37-8f4e638f723f,2026-09-14 10:54,2026-09-14 10:54
839,2013,030606004,工业计算机系统回路模拟试验,I0110301052,工业盐,fuzzy_name,72.0,1e4ec7f9-79f5-43ef-b3bb-cd7d643a6c0f,2026-09-14 10:54,2026-09-14 10:54
840,2013,030607001,安全监测装置,I0260211084,测压装置,fuzzy_name,77.1,7ce683e3-d316-4da6-b981-ea6c64c2aaf2,2026-09-14 10:54,2026-09-14 10:54
841,2013,030607002,远动装置,I0140801070,升降传动装置,fuzzy_name,77.1,28ae4794-3e0c-4e09-8f79-aa1f740206c1,2026-09-14 10:54,2026-09-14 10:54
842,2013,030607004,信号报警装置,I0171701020,信号阀,fuzzy_name,72.0,cde09bfb-e98c-43ef-a5ce-c09ac8c05bd4,2026-09-14 10:54,2026-09-14 10:54
843,2013,030607005,信号报警装置柜、箱,I0171701020,信号阀,fuzzy_name,72.0,8dccc670-3a69-44fc-883b-216229a1d969,2026-09-14 10:54,2026-09-14 10:54
844,2013,030607006,数据采集及巡回检测报警装置,I0140301188,声光报警装置,fuzzy_name,72.0,960ff317-505c-42a2-b8a1-2573dadf5fe1,2026-09-14 10:54,2026-09-14 10:54
846,2013,030608002,工业计算机外部设备,I0110301052,工业盐,fuzzy_name,72.0,3072d95d-35fe-4248-ba81-53cb91d06366,2026-09-14 10:54,2026-09-14 10:54
2536,2024,030608003,工业计算机系统硬件,I0110301052,工业盐,fuzzy_name,72.0,634489fd-fcd0-4333-a755-9906e264ce62,2026-09-14 10:54,2026-09-14 10:54
847,2013,030608004,过程控制管理计算机,I0310701001,计算机电缆,fuzzy_name,67.5,e465842d-6e47-40d7-82d2-927a578a187a,2026-09-14 10:54,2026-09-14 10:54
848,2013,030608005,生产、经营管理计算机,I0310701001,计算机电缆,fuzzy_name,67.5,ba3d0209-020d-4227-8ba7-dbae39b1dddb,2026-09-14 10:54,2026-09-14 10:54
849,2013,030608006,网络系统及设备联调,I0310301006,网络线,fuzzy_name,72.0,471ce39d-6db3-42d7-8552-3a35bcf9d59f,2026-09-14 10:54,2026-09-14 10:54
850,2013,030608007,工业计算机系统,I0110301052,工业盐,fuzzy_name,72.0,28ea54fe-f886-41ca-a365-dcafb9d3e072,2026-09-14 10:54,2026-09-14 10:54
2540,2024,030608011,网络系统及设备联调,I0310301006,网络线,fuzzy_name,72.0,db5a8bb0-5890-4ac5-9eec-ca4a6d60fd4e,2026-09-14 10:54,2026-09-14 10:54
2541,2024,030608015,ESD/SIS系统调试,I0360301024,系统试压及调试,fuzzy_name,65.5,603bb4cc-b1c4-4e3d-bb0f-b238910fa069,2026-09-14 10:54,2026-09-14 10:54
852,2013,030609002,高压管,I0120104253,橡胶高压管,partial_match,87.0,4d8d9724-68e5-487d-895e-6c24e7c538a1,2026-09-14 10:54,2026-09-14 10:54
853,2013,030609003,不锈钢管,I0190201063,不锈钢管,exact_name,100.0,55366e17-fdaa-42ac-ab91-2adf3040f2e3,2026-09-14 10:54,2026-09-14 10:54
854,2013,030609004,有色金属管及非金属管,I0171701024,金属软管,fuzzy_name,77.1,3879f3da-a974-4259-ba53-e0c23d8cdaf5,2026-09-14 10:54,2026-09-14 10:54
855,2013,030609005,管缆,I0140410023,管缆卡,partial_match,88.3,68c302c0-d548-4c52-a8b4-d4a8c70a82d3,2026-09-14 10:54,2026-09-14 10:54
856,2013,030610001,盘、箱、柜安装,I0190701002,安装片,fuzzy_name,72.0,56a149c3-f8b9-4608-92d8-a6092014f80b,2026-09-14 10:54,2026-09-14 10:54
860,2013,030701001,空气加热器（冷却器）,I0350101237,空气预热器,fuzzy_name,72.0,f43b95d3-cb53-4513-8786-80c4c52e87ba,2026-09-14 10:54,2026-09-14 10:54
863,2013,030701004,风机盘管,I0260101002,风机盘管,exact_name,100.0,334186de-d4d2-4d42-aac3-3657426e1f93,2026-09-14 10:54,2026-09-14 10:54
864,2013,030701006,密闭门,I0150503005,砼密闭门,partial_match,90.0,e1a0d3b9-dcfd-467a-b3c4-ee13418c5aec,2026-09-14 10:54,2026-09-14 10:54
865,2013,030701007,挡水板,I0080201017,人造挡水板,partial_match,87.0,713dba1b-8e5d-46df-a3f5-589e020b0c34,2026-09-14 10:54,2026-09-14 10:54
868,2013,030701010,过滤器,I0180205049,过滤器,exact_name,100.0,f40d5471-cd2e-42af-b615-906a8818417f,2026-09-14 10:54,2026-09-14 10:54
869,2013,030701013,洁净室,I0260207041,洁净空调 机组,fuzzy_name,72.0,55f05547-1b7d-4153-bfe6-5a855898addc,2026-09-14 10:54,2026-09-14 10:54
2559,2024,030701014,除湿机,I0260211080,除湿机,exact_name,100.0,09e375d0-05f8-43ed-907b-fb65c8d74459,2026-09-14 10:54,2026-09-14 10:54
871,2013,030702002,净化通风管,I0260201016,无机不燃性通风管,fuzzy_name,67.5,5c52cbbe-4293-4ad7-bb11-c0ec2768ae30,2026-09-14 10:54,2026-09-14 10:54
872,2013,030702003,不锈钢板通风管道,I0090401053,不锈钢板,partial_match,90.0,04b0601f-2757-4280-a268-c0135480efcc,2026-09-14 10:54,2026-09-14 10:54
874,2013,030702005,塑料通风管道,I0350101142,塑料布,fuzzy_name,72.0,879cfc20-0521-44a1-a0ea-b02319e4a1f7,2026-09-14 10:54,2026-09-14 10:54
875,2013,030702006,玻璃钢通风管道,I0050403014,玻璃钢,partial_match,88.6,46422b69-be38-4f4c-891e-5559b7b4f131,2026-09-14 10:54,2026-09-14 10:54
876,2013,030702007,复合型风管,I0260201012,聚氨酯复合型风管,partial_match,87.5,7d5d8a20-b0f2-4d27-a5af-7d60822e81bc,2026-09-14 10:54,2026-09-14 10:54
877,2013,030702008,柔性软风管,I0260201014,柔性软风管,exact_name,100.0,0dbbd087-21dd-4ce8-8702-683077904d88,2026-09-14 10:54,2026-09-14 10:54
879,2013,030702011,温度、风量测定孔,I0260211096,温度计,fuzzy_name,72.0,81a0785f-d64a-48b5-b4af-31c24f7b3a8b,2026-09-14 10:54,2026-09-14 10:54
881,2013,030703002,"柔性软风管
阀门",I0260201014,柔性软风管,partial_match,92.5,50d99dab-18e4-4342-af4e-0884845acac8,2026-09-14 10:54,2026-09-14 10:54
883,2013,030703004,不锈钢蝶阀,I0170501115,不锈钢蝶阀,exact_name,100.0,a4938740-f16b-4de3-9789-30dd3e205f45,2026-09-14 10:54,2026-09-14 10:54
885,2013,030703006,玻璃钢蝶阀,I0050403014,玻璃钢,partial_match,92.0,8893cd29-b206-45f8-b466-0180b89597a5,2026-09-14 10:54,2026-09-14 10:54
886,2013,030703007,碳钢风口、散流器、百叶窗,I0260211103,百叶窗,partial_match,85.0,39b443d4-34b3-4704-b972-25090223f2bc,2026-09-14 10:54,2026-09-14 10:54
887,2013,030703008,不锈钢风口、散流器、百叶窗,I0010603027,不锈钢,partial_match,84.6,b4e54cf4-4f1d-4666-89ac-016cb1344e3d,2026-09-14 10:54,2026-09-14 10:54
888,2013,030703009,塑料风口、散流器、百叶窗,I0260211103,百叶窗,partial_match,85.0,63a6e615-47b4-46d4-bf35-6a4703f4910e,2026-09-14 10:54,2026-09-14 10:54
889,2013,030703010,玻璃钢风口,I0050403014,玻璃钢,partial_match,92.0,b52e3adb-e842-448e-b43c-365bf1cad86d,2026-09-14 10:54,2026-09-14 10:54
890,2013,030703011,铝及铝合金风口、散流器,I0260211052,铝合金送风口,fuzzy_name,75.0,23b35431-053a-40e3-8855-f4efadee65c0,2026-09-14 10:54,2026-09-14 10:54
892,2013,030703013,不锈钢风帽,I0010603027,不锈钢,partial_match,92.0,82c7da9c-dbb8-4456-acb8-d4e811fc6183,2026-09-14 10:54,2026-09-14 10:54
895,2013,030703016,玻璃钢风帽,I0050403014,玻璃钢,partial_match,92.0,b9728ec3-72da-4fb4-a016-eab81fd0fc79,2026-09-14 10:54,2026-09-14 10:54
896,2013,030703020,消声器,I0260209012,消声器,exact_name,100.0,74e24831-94b0-4768-9cbb-76727818808e,2026-09-14 10:54,2026-09-14 10:54
897,2013,030703021,静压箱,I0260202001,静压箱,exact_name,100.0,71e9fbe9-d351-4470-8415-b936afa0390f,2026-09-14 10:54,2026-09-14 10:54
2588,2024,030703022,人防超压自动排气阀,I0180202004,自动排气阀,partial_match,91.1,5bedbd9f-31d5-41a6-a4a4-7d579e4ba8db,2026-09-14 10:54,2026-09-14 10:54
2589,2024,030703023,人防手动密闭阀,I0260301054,密闭阀,partial_match,88.6,e33c2c25-f033-46b8-97a6-0a5f2218ec4e,2026-09-14 10:54,2026-09-14 10:54
900,2013,030801002,低压碳钢伴热管,I0120202002,耐热管,fuzzy_name,72.0,c3e01b0f-cd33-4c1f-9e5a-363e096a5903,2026-09-14 10:54,2026-09-14 10:54
2593,2024,030801003,低压不锈钢伴热管,I0010603027,不锈钢,partial_match,87.5,de925890-2bda-4f97-8259-d9ef06164e62,2026-09-14 10:54,2026-09-14 10:54
902,2013,030801004,低压不锈钢伴热管,I0010603027,不锈钢,partial_match,87.5,78d4752d-8676-43e9-88ce-84dfa52e22ff,2026-09-14 10:54,2026-09-14 10:54
2595,2024,030801005,低压不锈钢管,I0190201063,不锈钢管,partial_match,93.3,09aa8824-8629-48db-b58c-9d189f2a45af,2026-09-14 10:54,2026-09-14 10:54
904,2013,030801006,低压 不锈钢管,I0190201063,不锈钢管,partial_match,91.4,1de9be4d-7b0f-4df9-9d5c-58d7b22dfa33,2026-09-14 10:54,2026-09-14 10:54
905,2013,030801007,"低压不锈钢
板卷管",I0010603027,不锈钢,partial_match,86.7,75de970c-89bf-4991-ac4d-1d67a918ee86,2026-09-14 10:54,2026-09-14 10:54
2598,2024,030801008,低压钛及钛合金管,I0140201041,低压柜,fuzzy_name,72.0,d6e9c882-b733-44bb-a2d9-26e337579734,2026-09-14 10:54,2026-09-14 10:54
907,2013,030801009,低压钛及钛合金管,I0140201041,低压柜,fuzzy_name,72.0,70f6ad6a-4122-4123-9f8a-649b9d4168ce,2026-09-14 10:54,2026-09-14 10:54
908,2013,030801010,"低压镍及
镍合金管",I0140201041,低压柜,fuzzy_name,72.0,d768f8b7-ea73-4a75-9a71-e361903c3086,2026-09-14 10:54,2026-09-14 10:54
2601,2024,030801011,低压铝及铝合金管,I0010406002,铝合金L管,fuzzy_name,80.0,fedf6af9-e9ad-4efa-8ae4-490915b2b5b5,2026-09-14 10:54,2026-09-14 10:54
910,2013,030801012,低压铝及铝合金管,I0010406002,铝合金L管,fuzzy_name,80.0,9a69f75b-ca91-4b00-9e28-8829e910cff5,2026-09-14 10:54,2026-09-14 10:54
911,2013,030801013,低压铝及 铝合金板卷管,I0010406005,铝板卷管,fuzzy_name,77.1,ace3c5a1-752f-49ad-a91d-ffa9d8cf147c,2026-09-14 10:54,2026-09-14 10:54
912,2013,030801014,低压铜及铜合金管,I0140201041,低压柜,fuzzy_name,72.0,1504b4a0-bf8e-4320-a0a6-2dd660a349e9,2026-09-14 10:54,2026-09-14 10:54
913,2013,030801015,"低压铜及
铜合金板卷管",I0010406005,铝板卷管,fuzzy_name,77.1,d7bed22a-3430-4ea6-ad11-80cc1eb4971a,2026-09-14 10:54,2026-09-14 10:54
914,2013,030801016,低压塑料管,I0140201041,低压柜,fuzzy_name,72.0,42ec0eaf-f15d-4aca-a263-726068a4112b,2026-09-14 10:54,2026-09-14 10:54
915,2013,030801017,"金属骨架
复合管",I0080201006,复合板,fuzzy_name,68.4,368b7909-437f-4a89-bc0d-12e041e9281c,2026-09-14 10:54,2026-09-14 10:54
916,2013,030801018,低压 玻璃钢管,I0050403014,玻璃钢,partial_match,88.6,9f165dce-ac0b-46a0-bbf1-297f6181b8a8,2026-09-14 10:54,2026-09-14 10:54
917,2013,030801019,低压铸铁管,I0140201041,低压柜,fuzzy_name,72.0,3fc8ced0-ac14-44c1-bc38-e6b67b524e68,2026-09-14 10:54,2026-09-14 10:54
918,2013,030801020,低压预应力混凝土管,I0030129,混凝土,partial_match,86.7,9cfa83c7-1127-4360-9e42-fd59b159d289,2026-09-14 10:54,2026-09-14 10:54
920,2013,030802002,中压 螺旋卷管,I0010302002,螺旋钢管,fuzzy_name,67.5,b6855399-739c-4ec4-95c1-e3898547cadf,2026-09-14 10:54,2026-09-14 10:54
921,2013,030802003,中压 不锈钢管,I0190201063,不锈钢管,partial_match,91.4,46806ec7-003a-46b5-bcaf-d1c88b905ea5,2026-09-14 10:54,2026-09-14 10:54
923,2013,030802005,中压铜及铜合金管,I0010406002,铝合金L管,fuzzy_name,67.5,19ab6431-edb8-4cd5-a51f-bcde807c0589,2026-09-14 10:54,2026-09-14 10:54
924,2013,030802006,中压钛及钛合金管,I0010406002,铝合金L管,fuzzy_name,67.5,592303a6-d919-4b97-a19e-f9f4013895a6,2026-09-14 10:54,2026-09-14 10:54
925,2013,030802007,中压锆及锆合金管,I0010406002,铝合金L管,fuzzy_name,67.5,8abf864b-807c-471f-bb5c-972d6ab41bb6,2026-09-14 10:54,2026-09-14 10:54
926,2013,030802008,中压镍及镍合金管,I0010406002,铝合金L管,fuzzy_name,67.5,962c370d-a47e-4ecd-8f32-8f99e6076b7f,2026-09-14 10:54,2026-09-14 10:54
2619,2024,030802009,中压金属软管,I0171701024,金属软管,partial_match,93.3,3b16de74-4814-468a-bcb5-04e08233dfb9,2026-09-14 10:54,2026-09-14 10:54
929,2013,030803003,高压 不锈钢管,I0190201063,不锈钢管,partial_match,91.4,48dcdfac-5d59-4c8a-9372-3ba001a9088a,2026-09-14 10:54,2026-09-14 10:54
932,2013,030804003,低压  不锈钢管件,I0190201063,不锈钢管,partial_match,88.9,0597cb67-e1ba-4c6a-ba58-97f90dc8b540,2026-09-14 10:54,2026-09-14 10:54
933,2013,030804004,低压不锈钢板卷管件,I0090401053,不锈钢板,partial_match,88.9,d158401b-e68f-41ec-bffd-b518ca2a0bb3,2026-09-14 10:54,2026-09-14 10:54
936,2013,030804007,不锈钢管件,I0190201063,不锈钢管,partial_match,96.0,25458a4c-bab7-46c6-8db4-511930d22c2a,2026-09-14 10:54,2026-09-14 10:54
937,2013,030804008,低压铝及铝合金管件,I0010406002,铝合金L管,fuzzy_name,72.0,68e986c5-9ea7-46ff-aef7-46554ab40812,2026-09-14 10:54,2026-09-14 10:54
939,2013,030804010,低压铜及铜合金管件,I0140201041,低压柜,fuzzy_name,72.0,5ed865d5-7264-41c5-bba7-6dcd2b7a65f1,2026-09-14 10:54,2026-09-14 10:54
940,2013,030804011,低压钛及钛合金管件,I0140201041,低压柜,fuzzy_name,72.0,2c0d9f3e-d525-4412-8f46-264d6565492a,2026-09-14 10:54,2026-09-14 10:54
941,2013,030804012,低压锆及锆合金管件,I0140201041,低压柜,fuzzy_name,72.0,b42c0aa1-bd58-45e8-a819-4b8e380b55e0,2026-09-14 10:54,2026-09-14 10:54
942,2013,030804013,低压镍及镍合金管件,I0140201041,低压柜,fuzzy_name,72.0,029d03fd-3547-4c04-bf39-648a5f7c7c5e,2026-09-14 10:54,2026-09-14 10:54
943,2013,030804014,低压 塑料管件,I0140201041,低压柜,fuzzy_name,72.0,6d50ee25-e123-417f-b2d5-00c6db4c3e04,2026-09-14 10:54,2026-09-14 10:54
944,2013,030804016,低压  玻璃钢管件,I0050403014,玻璃钢,partial_match,86.7,14818cd1-2023-4a63-8d72-c01ed11d9f89,2026-09-14 10:54,2026-09-14 10:54
945,2013,030804017,低压 铸铁管件,I0140201041,低压柜,fuzzy_name,72.0,55223105-3293-429b-b6ea-c1dd546c4172,2026-09-14 10:54,2026-09-14 10:54
946,2013,030804018,低压预应力混凝土转换件,I0030129,混凝土,partial_match,85.5,3ea408c3-52ad-4953-a88b-cf48f668a795,2026-09-14 10:54,2026-09-14 10:54
2640,2024,030804019,低压钢套管直埋保温管件,I0220210024,保温管,partial_match,85.5,8ef31883-0d2d-4e2a-ad28-fc14d108d3e8,2026-09-14 10:54,2026-09-14 10:54
948,2013,030805002,"中压
螺旋卷管件",I0010302002,螺旋钢管,fuzzy_name,67.5,ba120ea9-6d86-435e-a6a4-71aad9e8a3d3,2026-09-14 10:54,2026-09-14 10:54
949,2013,030805003,"中压
不锈钢管件",I0190201063,不锈钢管,partial_match,90.0,b2756c40-6778-434d-af7a-15b4ac49514d,2026-09-14 10:54,2026-09-14 10:54
952,2013,030806002,高压  不锈钢管件,I0190201063,不锈钢管,partial_match,88.9,6dc01a76-23d6-4176-a66f-1ef76a41dcef,2026-09-14 10:54,2026-09-14 10:54
957,2013,030807004,低压齿轮、液压传动、电动阀门,I0171701014,电动阀,partial_match,84.3,b1e0116e-77b9-4fd0-a5d5-0070afe7ce5d,2026-09-14 10:54,2026-09-14 10:54
958,2013,030807005,低压 调节阀门,I0260211097,调节阀,partial_match,88.6,2460b6b7-6a31-4a7d-9e23-e69f43daf559,2026-09-14 10:54,2026-09-14 10:54
2653,2024,030807006,低压调节阀门,I0260211097,调节阀,partial_match,90.0,1bfa6de6-2814-4925-a4f2-4f3e63f8bfc4,2026-09-14 10:54,2026-09-14 10:54
962,2013,030808004,中压齿轮、液压传动、电动阀门,I0171701014,电动阀,partial_match,84.3,ddae1749-1f6a-45f9-8d3c-d317cff7e516,2026-09-14 10:54,2026-09-14 10:54
963,2013,030808005,中压 调节阀门,I0260211097,调节阀,partial_match,88.6,853c5fb6-34b2-4027-9b32-fa1efab71eb7,2026-09-14 10:54,2026-09-14 10:54
2659,2024,030808006,中压调节阀门,I0260211097,调节阀,partial_match,90.0,93e0f815-9262-4592-ab4b-7234dd13cf7b,2026-09-14 10:54,2026-09-14 10:54
967,2013,030810001,低压碳钢螺纹法兰,I0190101023,螺纹法兰,partial_match,90.0,9e19c373-3bdd-41ab-a5e6-4b3222793d9b,2026-09-14 10:54,2026-09-14 10:54
970,2013,030810004,"低压
不锈钢法兰",I0010603027,不锈钢,partial_match,87.5,fd1c5836-8e2d-4507-b36d-6fb675831aa4,2026-09-14 10:54,2026-09-14 10:54
977,2013,030811001,中压碳钢螺纹法兰,I0190101023,螺纹法兰,partial_match,90.0,66cb0fa8-f3ee-4630-8418-cf5aa0efb383,2026-09-14 10:54,2026-09-14 10:54
980,2013,030811004,中压  不锈钢法兰,I0010603027,不锈钢,partial_match,86.7,d9d4ebbe-5b5b-4627-8bff-f4d2d810ba0a,2026-09-14 10:54,2026-09-14 10:54
985,2013,030812001,高压碳钢螺纹法兰,I0190101023,螺纹法兰,partial_match,90.0,ab14eee9-b00a-4b68-91cd-6b3972988d16,2026-09-14 10:54,2026-09-14 10:54
987,2013,030812003,高压不锈钢焊接法兰,I0010603027,不锈钢,partial_match,86.7,80f96fb9-62ab-4c85-a521-d9bcb0dca5da,2026-09-14 10:54,2026-09-14 10:54
2686,2024,030813001,管材表面超声波探伤,I0010406001,铝管材,fuzzy_name,72.0,3dea1197-202a-412f-93b5-3226d2551266,2026-09-14 10:54,2026-09-14 10:54
990,2013,030813002,不锈钢板直管制作,I0090401053,不锈钢板,partial_match,90.0,0abd91ad-fca2-4675-996b-6f7667ddaf19,2026-09-14 10:54,2026-09-14 10:54
2688,2024,030813011,管道安拆后的充气保护,I0140801011,保护套,fuzzy_name,72.0,0b6d8e7c-4c41-49ff-a678-056fe29a80ab,2026-09-14 10:54,2026-09-14 10:54
2689,2024,030814001,冷排管,I0240101074,手压式排管,fuzzy_name,72.0,ea6496ed-cca9-4c9a-8203-cb219870c33c,2026-09-14 10:54,2026-09-14 10:54
993,2013,030814002,不锈钢板管件制作,I0090401053,不锈钢板,partial_match,90.0,7488eb32-166c-433e-a103-26539187b593,2026-09-14 10:54,2026-09-14 10:54
2691,2024,030814003,空气分气筒,I0350101101,空气站分气缸,fuzzy_name,72.7,f434421a-20fb-41c3-859b-69f51a414d0a,2026-09-14 10:54,2026-09-14 10:54
996,2013,030814005,中压螺旋卷管虾体弯制作,I0010302002,螺旋钢管,fuzzy_name,67.5,88495608-9333-4c73-9f49-f8c420c458e1,2026-09-14 10:54,2026-09-14 10:54
997,2013,030814006,不锈钢管虾体弯制作,I0190201063,不锈钢管,partial_match,88.9,3e7e9f81-672d-4966-9874-6fdd86fccf5b,2026-09-14 10:54,2026-09-14 10:54
998,2013,030814007,铝及铝合金管虾体弯制作,I0010406002,铝合金L管,fuzzy_name,72.0,e1ba77de-ce4e-4688-a620-2207b0beff66,2026-09-14 10:54,2026-09-14 10:54
999,2013,030814008,铜及铜合金管虾体弯制作,I0270101007,铜及铜金焊条,fuzzy_name,65.5,f920a868-429a-4b16-a93e-92854891af66,2026-09-14 10:54,2026-09-14 10:54
1000,2013,030814009,管道 机械煨弯,I0260301023,管道风机,fuzzy_name,67.5,1670712a-98db-4d61-bd74-13d1c4d6b582,2026-09-14 10:54,2026-09-14 10:54
2697,2024,030814010,中压螺旋卷管虾体弯,I0010302002,螺旋钢管,fuzzy_name,67.5,96185c38-18c4-4559-ae45-351d8d5c59eb,2026-09-14 10:54,2026-09-14 10:54
1001,2013,030814011,塑料管煨弯,I0350101142,塑料布,fuzzy_name,72.0,9dd58639-8d61-43fa-b3b2-485ce748c2f0,2026-09-14 10:54,2026-09-14 10:54
2699,2024,030814012,铝及铝合金管虾体弯,I0010406002,铝合金L管,fuzzy_name,72.0,21c38556-078e-4b22-8a04-284184626459,2026-09-14 10:54,2026-09-14 10:54
2700,2024,030814013,铜及铜合金管虾体弯,I0270101007,铜及铜金焊条,fuzzy_name,65.5,b86e8ef0-7493-4613-974e-e13f83f2b6a2,2026-09-14 10:54,2026-09-14 10:54
1002,2013,030815001,管架 制作安装,I0190701002,安装片,fuzzy_name,72.0,0a3ccc41-5670-46d2-8c2e-acc10980394d,2026-09-14 10:54,2026-09-14 10:54
1003,2013,030816001,管材表面超声波探伤,I0010406001,铝管材,fuzzy_name,72.0,9103a535-9e56-40a2-a93c-49420909ced1,2026-09-14 10:54,2026-09-14 10:54
1004,2013,030816002,管材表面磁粉探伤,I0010406001,铝管材,fuzzy_name,72.0,5f7b2353-85d8-4efb-80b1-3ad72eec142a,2026-09-14 10:54,2026-09-14 10:54
1005,2013,030817001,冷排管制作安装,I0190701002,安装片,fuzzy_name,72.0,52beeb07-4d65-4baa-9872-83638ecc62eb,2026-09-14 10:54,2026-09-14 10:54
1006,2013,030817002,分、集汽（水）缸制作安装,I0190701002,安装片,fuzzy_name,72.0,273ce87b-8f0b-4b3c-9b63-19126fac0975,2026-09-14 10:54,2026-09-14 10:54
1007,2013,030817003,空气分气筒制作安装,I0190701002,安装片,fuzzy_name,72.0,9beb6d90-1593-4a9f-b8bc-07c6e7616236,2026-09-14 10:54,2026-09-14 10:54
1008,2013,030817004,空气调节喷雾管安装,I0190701002,安装片,fuzzy_name,72.0,edfb69da-acd7-4917-9f53-665ea86aa045,2026-09-14 10:54,2026-09-14 10:54
1011,2013,030817007,手摇泵安装,I0180208326,手摇泵,partial_match,92.0,fe456119-1b66-4b55-be74-c7ecf11b0f97,2026-09-14 10:54,2026-09-14 10:54
3456,2013,030901001,水喷淋钢管,I0030101000,镀锌钢管,manual_confirm,100.0,554094e7-a652-49e1-928e-f7daa46635db,2026-09-21 14:36,2026-09-21 14:36
1014,2013,030901003,"水喷淋
（雾）喷头",I0250104003,可调装饰盘,feature_match,90.0,4539fcf4-bfba-4192-b62c-2ff16f6800aa,2026-09-14 10:54,2026-09-14 10:54
1015,2013,030901004,报警装置,I0140301188,声光报警装置,partial_match,88.3,f1cc8b98-185d-40cb-acca-a4bd2bfbf6a3,2026-09-14 10:54,2026-09-14 10:54
1016,2013,030901005,温感式水幕装置,I0160401002,温感式水幕装置,exact_name,100.0,3d72b653-72ae-418e-95a7-cbe3eb29a0bc,2026-09-14 10:54,2026-09-14 10:54
1017,2013,030901006,水流指示器,I0180208281,水流指示器,exact_name,100.0,9bd1e484-d706-43d3-ae5c-64f1b9650045,2026-09-14 10:54,2026-09-14 10:54
1018,2013,030901007,减压孔板,I0160901005,减压孔板,exact_name,100.0,cda5dd06-9792-483b-a74c-0e4732918f4f,2026-09-14 10:54,2026-09-14 10:54
1020,2013,030901009,集热板制作安装,I0190701002,安装片,fuzzy_name,72.0,882ede48-b57b-4b3d-9c9d-74f3c4ca09ae,2026-09-14 10:54,2026-09-14 10:54
1021,2013,030901010,室内消火栓,I0350101136,室内消火栓,exact_name,100.0,27f58026-75e7-4412-9237-ebdc8f03945f,2026-09-14 10:54,2026-09-14 10:54
1022,2013,030901011,室外消火栓,I0160301005,室外消火栓(地上式、法兰接),partial_match,82.1,ab34cf69-858b-4a01-849e-dae35d677e45,2026-09-14 10:54,2026-09-14 10:54
1023,2013,030901012,消防水泵接合器,I0180101016,消防水泵,partial_match,91.4,8c804d01-6746-44f8-b75a-b1ac78424f8c,2026-09-14 10:54,2026-09-14 10:54
1024,2013,030901013,灭火器,I0160801012,灭火器,exact_name,100.0,7575113f-4e2b-43d6-a4ac-9f77a9078238,2026-09-14 10:54,2026-09-14 10:54
1026,2013,030902001,无缝钢管,I0010304009,无缝钢管,exact_name,100.0,7b3332f3-6f10-465e-aee9-3c57cfcf13f3,2026-09-14 10:54,2026-09-14 10:54
1027,2013,030902002,不锈钢管,I0190201063,不锈钢管,exact_name,100.0,2342cdef-b76b-4a3c-a204-9b8cbcf7b5ad,2026-09-14 10:54,2026-09-14 10:54
1028,2013,030902003,不锈钢管管件,I0190201063,不锈钢管,partial_match,93.3,378ab352-818a-47a3-bf03-31645b5af0c0,2026-09-14 10:54,2026-09-14 10:54
2717,2024,030902004,不锈钢管管件,I0190201063,不锈钢管,partial_match,93.3,d725959f-e3e3-42ca-8feb-8ca04fd36053,2026-09-14 10:54,2026-09-14 10:54
2718,2024,030902010,无管网气体灭火装置,I0010304008,无缝管,fuzzy_name,72.0,85f0fb68-7c48-48b0-bb6b-be6dabb56070,2026-09-14 10:54,2026-09-14 10:54
2719,2024,030902011,泄压装置,I0180208322,消火栓、自喷稳压装置,fuzzy_name,77.1,e4b7907d-8e1e-48ae-82f4-895efbcbaf65,2026-09-14 10:54,2026-09-14 10:54
2720,2024,030903001,泡沫发生器,I0160401006,水轮机式泡沫发生器,partial_match,86.1,258cfd05-d6ac-4714-aa62-01d12aa7967c,2026-09-14 10:54,2026-09-14 10:54
1032,2013,030903002,不锈钢管,I0190201063,不锈钢管,exact_name,100.0,d0e0ead6-2dfe-4260-85d9-64810ded3f65,2026-09-14 10:54,2026-09-14 10:54
1033,2013,030903003,铜管,I0010409001,黄铜管,partial_match,88.3,803cd84f-a59f-482a-8d01-2eb6c0216eee,2026-09-14 10:54,2026-09-14 10:54
1034,2013,030903004,不锈钢管、铜管管件,I0190201063,不锈钢管,partial_match,88.9,b378d18c-aba1-4616-a99e-24a3b549ea33,2026-09-14 10:54,2026-09-14 10:54
1035,2013,030903005,泡沫发生器,I0160401006,水轮机式泡沫发生器,partial_match,86.1,b56ef24a-5771-453b-94ac-3ad3f53bea2c,2026-09-14 10:54,2026-09-14 10:54
1036,2013,030903006,泡沫比例混合器,I0160401008,压力储罐式泡沫比例混合器,partial_match,86.7,6ddc10e5-bd99-4540-b46a-ca5c304c216f,2026-09-14 10:54,2026-09-14 10:54
1037,2013,030903007,泡沫液贮罐,I0090401097,泡沫棒,fuzzy_name,72.0,ed1aaf5f-a76b-4391-ad61-ecd16d672491,2026-09-14 10:54,2026-09-14 10:54
1030,2013,030903009,无管网气体灭火装置,I0010304008,无缝管,fuzzy_name,72.0,d511c4ef-fceb-4363-b6bf-509d86a5e8ba,2026-09-14 10:54,2026-09-14 10:54
1038,2013,030904001,点型探测器,I0350101439,热点探测器,fuzzy_name,80.0,b2439059-df14-46c9-b5a6-d95c08c584f1,2026-09-14 10:54,2026-09-14 10:54
1039,2013,030904002,线型探测器,I0160401012,多线制探测器感烟,fuzzy_name,72.0,17d184e2-7aad-4f6f-a97e-4d69b15579b5,2026-09-14 10:54,2026-09-14 10:54
1040,2013,030904003,按钮,I0140301175,紧急按钮,partial_match,85.0,059e577a-bb9d-47b7-a48e-6a93cdd5c370,2026-09-14 10:54,2026-09-14 10:54
2726,2024,030904004,声光报警器,I0180208301,报警器,partial_match,92.0,53a492e2-f3f2-4b15-851b-e83ad43f6039,2026-09-14 10:54,2026-09-14 10:54
1042,2013,030904005,"声光
报警器",I0180208301,报警器,partial_match,90.0,c41868b0-a14c-4958-ba34-1d226ecc1942,2026-09-14 10:54,2026-09-14 10:54
1043,2013,030904006,消防报警电话插孔（电话）,I0160301016,消防栓,fuzzy_name,72.0,21121707-31c6-473a-a4b6-9b8bd9952113,2026-09-14 10:54,2026-09-14 10:54
1044,2013,030904007,"消防广播
（扬声器）",I0160301016,消防栓,fuzzy_name,72.0,cd558888-bae2-4edb-af41-43e95d876db0,2026-09-14 10:54,2026-09-14 10:54
1045,2013,030904008,"模块
（模块箱）",I0350101114,模块箱,partial_match,87.5,f13f3b11-4031-4361-94ab-e9280e591007,2026-09-14 10:54,2026-09-14 10:54
2731,2024,030904009,区域报警控制器,I0350101021,报警控制器,partial_match,94.3,e8f2ebd7-a3ac-449f-a264-2eee5f1c51d8,2026-09-14 10:54,2026-09-14 10:54
1047,2013,030904010,联动控制箱,I0171701050,控制箱,partial_match,92.0,9c4c980d-86b9-436b-9339-b7f13eed9fd7,2026-09-14 10:54,2026-09-14 10:54
1048,2013,030904011,"远程控制
箱（柜）",I0171701050,控制箱,fuzzy_name,68.4,0ed78cc8-d917-48e7-ac5b-0b257965e868,2026-09-14 10:54,2026-09-14 10:54
2734,2024,030904012,火灾报警系统控制主机,I0350101262,中控主机,fuzzy_name,67.5,eab4e557-ef5a-4fae-b35e-e90f3ff7c8f4,2026-09-14 10:54,2026-09-14 10:54
2735,2024,030904013,联动控制主机,I0350101262,中控主机,fuzzy_name,67.5,aa5101db-66f6-46ae-934b-f20b0c9c4d29,2026-09-14 10:54,2026-09-14 10:54
1051,2013,030904014,"消防广播及对讲电
话主机（柜）",I0160301016,消防栓,fuzzy_name,72.0,328aaea4-db09-4fba-98e7-f9ab38707927,2026-09-14 10:54,2026-09-14 10:54
2737,2024,030904015,火灾报警控制微机,I0160401038,火灾报警控制器(联动型),fuzzy_name,77.1,8c31861e-a8f4-4878-bcfb-acfcc707ccad,2026-09-14 10:54,2026-09-14 10:54
2739,2024,030904017,报警联动一体机,I0180208301,报警器,fuzzy_name,72.0,7ada3f79-b967-4de8-adba-907763b06020,2026-09-14 10:54,2026-09-14 10:54
1055,2013,030905002,"水灭火系统
控制装置调试",I0171701050,控制箱,fuzzy_name,68.4,be449da5-c3d5-4c6f-822b-5bf974d7adb8,2026-09-14 10:54,2026-09-14 10:54
1056,2013,030905003,防火控制装置联动调试,I0070302022,防火板,fuzzy_name,72.0,9896f79e-e4b7-47b1-8607-d6a39536eda5,2026-09-14 10:54,2026-09-14 10:54
2745,2024,030906003,监控模块,I0140301164,四联四键控制模块,fuzzy_name,67.5,e9591904-138e-4918-aa91-c7e85c61319a,2026-09-14 10:54,2026-09-14 10:54
2746,2024,030907001,监控主机,I0350101262,中控主机,fuzzy_name,75.0,a8ca9a69-31a9-47e1-acaa-a1c265dcd1f7,2026-09-14 10:54,2026-09-14 10:54
2747,2024,030907002,剩余电流式监控探测器,I0160401027,探测器底座,fuzzy_name,67.5,56c81546-2c9d-4d48-8dd4-999566218cc0,2026-09-14 10:54,2026-09-14 10:54
2748,2024,030907003,测温式监控探测器,I0210104010,测温仪,fuzzy_name,72.0,724c24e9-8d43-477e-bbf2-309841ad34fd,2026-09-14 10:54,2026-09-14 10:54
2749,2024,030907004,温度传感器,I0260101237,空调系统 风管式温度传感器,partial_match,82.7,c1bc3a1d-85bd-4fba-8b54-fae50a705c18,2026-09-14 10:54,2026-09-14 10:54
2750,2024,030907005,隔离器,I0350101039,地址模块(自带短路隔离器),partial_match,79.6,ccbc012a-9ac8-43cb-a40e-d7d6a6c9bc0a,2026-09-14 10:54,2026-09-14 10:54
2751,2024,030908001,状态监控主机,I0350101262,中控主机,fuzzy_name,77.1,6e678c01-bb06-4ebd-a746-c848c04cf3de,2026-09-14 10:54,2026-09-14 10:54
2752,2024,030908002,电流传感器,I0140801018,电流互感器,fuzzy_name,80.0,202ab87d-9f0c-46c2-a007-198191c97d54,2026-09-14 10:54,2026-09-14 10:54
2753,2024,030908003,电压传感器,I0140801019,互感器,fuzzy_name,72.0,422f01dd-06fe-4b36-ab6f-a46a5c41389d,2026-09-14 10:54,2026-09-14 10:54
2755,2024,030909004,消防广播系统调试,I0160301016,消防栓,fuzzy_name,72.0,95563bf2-1df8-4bdf-abe8-8a3b60182863,2026-09-14 10:54,2026-09-14 10:54
2756,2024,030909005,消防电话系统调试,I0160301016,消防栓,fuzzy_name,72.0,5090c4e9-be1f-4a27-b8f6-d7b96bf4a969,2026-09-14 10:54,2026-09-14 10:54
2757,2024,030909006,防火控制装置调试,I0070302022,防火板,fuzzy_name,72.0,6b463331-3f60-4c16-bf73-c67f6df9c072,2026-09-14 10:54,2026-09-14 10:54
2758,2024,030909007,空气采样探测报警系统调试,I0350101099,空气采样主机,fuzzy_name,72.0,c664c7bb-ef43-4990-9075-83cba451aaf3,2026-09-14 10:54,2026-09-14 10:54
2759,2024,030909008,防火门监控系统调试,I0200101026,防火门锁,fuzzy_name,77.1,6969b79d-a878-4e4b-bed6-6edb47c070c6,2026-09-14 10:54,2026-09-14 10:54
2760,2024,030909009,电气火灾监控系统调试,I0260301025,电暖气,fuzzy_name,72.0,918b18c8-feec-4784-82d8-097027fd794f,2026-09-14 10:54,2026-09-14 10:54
2761,2024,030909010,消防电源监控系统调试,I0160301016,消防栓,fuzzy_name,72.0,666fcec4-e8fb-4c24-8411-aff3253d87e2,2026-09-14 10:54,2026-09-14 10:54
2762,2024,030910001,灭火器,I0160801012,灭火器,exact_name,100.0,32a33185-fac2-445f-afd0-959e24d089a8,2026-09-14 10:54,2026-09-14 10:54
2763,2024,030910002,灭火器箱,I0160601009,灭火器箱,exact_name,100.0,c6a4febd-8e04-4304-a064-bd5c1bfb9dd0,2026-09-14 10:54,2026-09-14 10:54
2764,2024,030910004,自给正压式空气呼吸器,I0290110001,自给式正压空气呼吸器,fuzzy_name,90.0,da9c0e6b-57f2-40d0-b625-c2bcc2def544,2026-09-14 10:54,2026-09-14 10:54
1057,2013,031001001,镀锌钢管,I0360301060,镀锌钢管,exact_name,100.0,abe9f369-c552-4aec-b109-a8cc169fd003,2026-09-14 10:54,2026-09-14 10:54
2766,2024,031001002,镀锌钢管,I0360301060,镀锌钢管,exact_name,100.0,fd3b3d80-db3c-43ca-8fe8-346652f1a8e2,2026-09-14 10:54,2026-09-14 10:54
1059,2013,031001003,不锈钢管,I0190201063,不锈钢管,exact_name,100.0,eef3e9f5-67d5-4f17-9dee-890be229b73f,2026-09-14 10:54,2026-09-14 10:54
1060,2013,031001004,铜管,I0010409001,黄铜管,partial_match,88.3,3b4fb3c4-e683-48fb-a334-d9f01b2ef201,2026-09-14 10:54,2026-09-14 10:54
1061,2013,031001005,铸铁管,I0010503012,铸铁管阀箱,partial_match,87.0,9866f7dd-11c9-4869-ae84-3825ff035660,2026-09-14 10:54,2026-09-14 10:54
1062,2013,031001006,塑料管,I0120104291,塑料管箍,partial_match,90.0,544b29a0-8015-4091-82c8-ec455148a076,2026-09-14 10:54,2026-09-14 10:54
1063,2013,031001007,复合管,I0010306007,钢塑复合管,partial_match,87.0,6b97d6cc-7b39-493c-b5d4-8146c302b6c8,2026-09-14 10:54,2026-09-14 10:54
1064,2013,031001008,直埋式预制保温管,I0220210024,保温管,partial_match,87.5,fefd590d-ae64-4e73-918e-231d4b9d96f8,2026-09-14 10:54,2026-09-14 10:54
1065,2013,031001009,承插缸瓦管,I0290203061,警示带,feature_match,100.0,aca570f7-687e-4aa1-99a6-b2cc22587a94,2026-09-14 10:54,2026-09-14 10:54
2773,2024,031001011,阻火圈,I0120104195,阻火圈,exact_name,100.0,132047a1-24b4-4bed-ac1c-4215c86f356c,2026-09-14 10:54,2026-09-14 10:54
1067,2013,031002001,管道支吊架,I0010502071,W型铸铁竖管支架,fuzzy_name,67.5,74a60c65-9b8b-48a8-8aef-8e8448c4d681,2026-09-14 10:54,2026-09-14 10:54
1069,2013,031002004,减震装置制作、安装,I0190701002,安装片,fuzzy_name,72.0,57e0baf3-1e27-421d-93e5-b502064b9f90,2026-09-14 10:54,2026-09-14 10:54
2779,2024,031002005,疏水器,I0190101003,法兰疏水器,partial_match,87.0,2a0c8fbe-ddbd-4091-b189-1b286d9c881b,2026-09-14 10:54,2026-09-14 10:54
2780,2024,031002006,除污器(过滤器),I0180205049,过滤器,partial_match,87.5,dc215d73-c216-4a9e-8e91-27d215924de0,2026-09-14 10:54,2026-09-14 10:54
2781,2024,031002007,补偿器,I0171701023,波纹补偿器,partial_match,87.0,076d340c-82fc-4a40-8265-2f5a91f8a984,2026-09-14 10:54,2026-09-14 10:54
2782,2024,031002008,软接头(软管),I0260211083,软接头,partial_match,88.6,745b6cc1-57bb-44f6-8f80-f35e15b3d95f,2026-09-14 10:54,2026-09-14 10:54
2784,2024,031002010,倒流防止器,I0170301044,倒流防止器,exact_name,100.0,05df054d-976b-406a-b0be-2b4c491a4bde,2026-09-14 10:54,2026-09-14 10:54
2786,2024,031002012,热量表,I0171701011,热量表,exact_name,100.0,bfa207a3-9947-4992-9a2d-f51994a3e7dd,2026-09-14 10:54,2026-09-14 10:54
2787,2024,031002013,塑料排水管消声器,I0260209012,消声器,partial_match,87.5,336f7a29-0d9b-4eec-8044-56deaa0048b3,2026-09-14 10:54,2026-09-14 10:54
2788,2024,031002014,浮标液面计,I0210111010,浮标液面计,exact_name,100.0,cf68e1c4-9881-403e-9348-05e05b253aa7,2026-09-14 10:54,2026-09-14 10:54
2790,2024,031002016,水锤消除器,I0180208058,水锤消除器,exact_name,100.0,0cc66cf0-afc3-4e8e-adf5-81dc94bacd6c,2026-09-14 10:54,2026-09-14 10:54
1071,2013,031003002,螺纹法兰阀门,I0190101023,螺纹法兰,partial_match,93.3,222cf018-d5b8-420d-ab2b-807ce1ec9afe,2026-09-14 10:54,2026-09-14 10:54
2792,2024,031003003,洗脸盆,I0380301007,洗脸盆,exact_name,100.0,89333a1a-da9d-43d1-b8f3-faa08e946893,2026-09-14 10:54,2026-09-14 10:54
2793,2024,031003004,洗涤盆,I0240101061,洗涤盆,exact_name,100.0,f8711486-85b5-4016-8cf1-c32547fd056e,2026-09-14 10:54,2026-09-14 10:54
1074,2013,031003005,减压器,I0210111002,氧气减压器,partial_match,87.0,6f4dafca-7441-42cf-9ed0-42688404e11c,2026-09-14 10:54,2026-09-14 10:54
1075,2013,031003006,疏水器,I0190101003,法兰疏水器,partial_match,87.0,f5901db4-0ad3-4e54-9adc-8b5554141148,2026-09-14 10:54,2026-09-14 10:54
1076,2013,031003007,"除污器
（过滤器）",I0180205049,过滤器,partial_match,86.7,f8d39484-1cf2-4978-8ce3-b56422c1f836,2026-09-14 10:54,2026-09-14 10:54
1077,2013,031003008,补偿器,I0171701023,波纹补偿器,partial_match,87.0,deaf0882-771f-4612-9b81-642c2d3d0b0e,2026-09-14 10:54,2026-09-14 10:54
1078,2013,031003009,软接头,I0260211083,软接头,exact_name,100.0,020f5865-9655-458a-8a73-675eadfe4dcd,2026-09-14 10:54,2026-09-14 10:54
2797,2024,031003010,淋浴器,I0240102048,淋浴器,exact_name,100.0,d558ccf1-7520-46a0-ab00-4405b5c26d39,2026-09-14 10:54,2026-09-14 10:54
2798,2024,031003011,淋浴间,I0200102064,淋浴间玻璃门大拉手,partial_match,81.7,37ddc30b-03fd-40e5-98f7-6049d8775460,2026-09-14 10:54,2026-09-14 10:54
1081,2013,031003012,倒流防止器,I0170301044,倒流防止器,exact_name,100.0,fb958ccd-dbcd-4ba8-9cd0-3c6e112f82ec,2026-09-14 10:54,2026-09-14 10:54
1082,2013,031003013,热量表,I0171701011,热量表,exact_name,100.0,4331901d-cc87-4a6b-a77f-4e716e966397,2026-09-14 10:54,2026-09-14 10:54
1083,2013,031003014,塑料排水管消声器,I0260209012,消声器,partial_match,87.5,330ddcf7-d493-4108-b82d-b85de72afac4,2026-09-14 10:54,2026-09-14 10:54
1084,2013,031003015,浮标液面计,I0210111010,浮标液面计,exact_name,100.0,637d2d6e-e0df-449f-a37c-8faec3df1d2e,2026-09-14 10:54,2026-09-14 10:54
2805,2024,031003019,隔油器,I0240101034,自动刮油隔油器,partial_match,83.6,faa2a1c2-b6eb-46a8-8ee5-2849cde5fb14,2026-09-14 10:54,2026-09-14 10:54
2806,2024,031004001,铸铁散热器,I0260301034,铸铁散热器拉条,partial_match,89.3,cfe6c6f1-5b57-4d85-89f1-e46c9d7fa298,2026-09-14 10:54,2026-09-14 10:54
2807,2024,031004002,钢制散热器,I0260101020,钢制板式散热器,fuzzy_name,83.3,95715cc9-9087-49f4-97ca-5e2bb3a08ddc,2026-09-14 10:54,2026-09-14 10:54
1088,2013,031004003,洗脸盆,I0380301007,洗脸盆,exact_name,100.0,987d5365-d5e9-4572-a5d0-173cc1d9dcaf,2026-09-14 10:54,2026-09-14 10:54
1089,2013,031004004,洗涤盆,I0240101061,洗涤盆,exact_name,100.0,ae067041-a734-4bc0-89aa-4bc99937dccd,2026-09-14 10:54,2026-09-14 10:54
2810,2024,031004005,暖风机,I0260101163,暖风机,exact_name,100.0,da2eb79f-6840-493f-8a29-30b642ad1b23,2026-09-14 10:54,2026-09-14 10:54
1091,2013,031004006,大便器,I0380303003,大便器,exact_name,100.0,1507f0a1-ad52-4444-a227-23fb89b1a2b5,2026-09-14 10:54,2026-09-14 10:54
1092,2013,031004007,小便器,I0240101056,小便器,exact_name,100.0,67e6e83b-b68f-4294-aaea-01a68e088aca,2026-09-14 10:54,2026-09-14 10:54
1094,2013,031004009,烘手器,I0320301008,烘手器,exact_name,100.0,4c808488-8693-451c-a350-de514fb272da,2026-09-14 10:54,2026-09-14 10:54
1095,2013,031004010,淋浴器,I0240102048,淋浴器,exact_name,100.0,06145321-138b-4916-afa7-75562cf07e7f,2026-09-14 10:54,2026-09-14 10:54
1096,2013,031004011,淋浴间,I0200102064,淋浴间玻璃门大拉手,partial_match,81.7,62c213f5-fabe-42ed-bb34-ad2fe8703074,2026-09-14 10:54,2026-09-14 10:54
1100,2013,031004015,小便槽冲洗管制作安装,I0190701002,安装片,fuzzy_name,72.0,b536d022-aa01-4211-8dd5-b7b91cfa0c72,2026-09-14 10:54,2026-09-14 10:54
1101,2013,031004016,蒸汽-水加热器制作安装,I0190701002,安装片,fuzzy_name,72.0,d78c3ae1-695b-4bff-854e-7de784b66326,2026-09-14 10:54,2026-09-14 10:54
1102,2013,031004017,冷热水混合器制作安装,I0190701002,安装片,fuzzy_name,72.0,8b0504f6-2338-4f25-b1b4-66ac52a325ab,2026-09-14 10:54,2026-09-14 10:54
1104,2013,031004019,隔油器,I0240101034,自动刮油隔油器,partial_match,83.6,2acf6900-7395-4237-9c6b-76f71997e6a8,2026-09-14 10:54,2026-09-14 10:54
1105,2013,031005001,铸铁散热器,I0260301034,铸铁散热器拉条,partial_match,89.3,9a8f266a-d032-47bc-bcdf-5ad014c1a8c7,2026-09-14 10:54,2026-09-14 10:54
1106,2013,031005002,钢制散热器,I0260101020,钢制板式散热器,fuzzy_name,83.3,fc58d984-a1e5-4d2d-b977-61995cc1d241,2026-09-14 10:54,2026-09-14 10:54
1107,2013,031005003,其他成品散热器,I0140206059,热水器,fuzzy_name,72.0,f9d8df55-4042-44f8-926f-6ebcfdaa05f0,2026-09-14 10:54,2026-09-14 10:54
1108,2013,031005004,光排管散热器制作安装,I0190701002,安装片,fuzzy_name,72.0,e1f0df55-c17d-4aea-befc-f7992276e559,2026-09-14 10:54,2026-09-14 10:54
1109,2013,031005005,暖风机,I0260101163,暖风机,exact_name,100.0,22ec5125-207c-4fd9-8347-55866ed3050c,2026-09-14 10:54,2026-09-14 10:54
1110,2013,031005006,地板 辐射采暖,I0080305006,木地板,fuzzy_name,72.0,ef0018f7-881d-4d3e-a9e9-fef9c6edc225,2026-09-14 10:54,2026-09-14 10:54
1111,2013,031005007,热媒集配装置制作、安装,I0190701002,安装片,fuzzy_name,72.0,fb1f27c9-caac-4f58-8109-aabf0dc326a9,2026-09-14 10:54,2026-09-14 10:54
1112,2013,031005008,集气罐制作安装,I0190701002,安装片,fuzzy_name,72.0,784d13f1-a752-4379-bf0f-cbaa2c25c7ad,2026-09-14 10:54,2026-09-14 10:54
2822,2024,031005010,水箱自洁器,I0180205052,水箱自洁器,exact_name,100.0,b9b88655-d898-4b7f-9134-b2fabec10ea1,2026-09-14 10:54,2026-09-14 10:54
2824,2024,031005012,紫外线杀菌设备,I0140611005,紫外线杀菌灯,fuzzy_name,76.9,cc6e22ac-b7f3-4daa-9beb-661626c69305,2026-09-14 10:54,2026-09-14 10:54
2825,2024,031005013,热水器、开水炉,I0140206059,热水器,partial_match,88.6,2af4b6e0-ed6d-496b-908d-8b20120a9fd9,2026-09-14 10:54,2026-09-14 10:54
2826,2024,031005014,消毒器、消毒锅,I0240105004,消毒液,fuzzy_name,72.0,a1dad684-33a2-411d-acac-cfa2b3bf032d,2026-09-14 10:54,2026-09-14 10:54
2829,2024,031005017,地源热泵集(分)水器,I0140206059,热水器,fuzzy_name,72.0,d4fca413-6230-482c-8a06-7f408f542ad5,2026-09-14 10:54,2026-09-14 10:54
2830,2024,031005018,地源热泵系统地埋管,I0240101041,预埋管,fuzzy_name,72.0,adfc4e69-2f5c-4d4c-9f44-23ccbbdef6f7,2026-09-14 10:54,2026-09-14 10:54
2831,2024,031006001,燃气开水炉,I0240101135,开水炉,partial_match,92.0,254f8851-4580-4b42-b85a-b76e6c1ff297,2026-09-14 10:54,2026-09-14 10:54
2832,2024,031006003,燃气沸水器、消毒器,I0350101203,自动消毒器,fuzzy_name,67.5,28b6b7cf-bbbe-41f9-881a-d6b25a4cafdc,2026-09-14 10:54,2026-09-14 10:54
2833,2024,031006004,燃气热水器,I0140206059,热水器,partial_match,92.0,9ac368b9-5a51-44de-a133-7b288640a27b,2026-09-14 10:54,2026-09-14 10:54
2834,2024,031006005,燃气表,I0210111007,燃气计量表,fuzzy_name,75.0,340f4ef7-f926-4ad5-b7c4-3c8969505cb3,2026-09-14 10:54,2026-09-14 10:54
1116,2013,031006006,气压罐,I0180208262,气压罐,exact_name,100.0,871d6f3a-7ac0-4355-8484-00d1dbd3409b,2026-09-14 10:54,2026-09-14 10:54
1117,2013,031006007,太阳能集热装置,I0350101210,太阳能集热板,fuzzy_name,76.9,72596230-c7dc-49aa-b5b7-dfc1fd00f121,2026-09-14 10:54,2026-09-14 10:54
1118,2013,031006008,"地源
（水源、气源）热泵机组",I0180208340,换热机组,fuzzy_name,67.5,7b461d89-3928-478d-a882-dea4d1e3465b,2026-09-14 10:54,2026-09-14 10:54
1119,2013,031006009,除砂器,I0180208058,水锤消除器,fuzzy_name,72.0,7daae6bc-9f04-4c79-b8e3-ba340099a6bf,2026-09-14 10:54,2026-09-14 10:54
2837,2024,031006011,调压箱、调压装置,I0260211084,测压装置,fuzzy_name,77.1,82e51adf-f541-4862-871a-b755c40f2809,2026-09-14 10:54,2026-09-14 10:54
1122,2013,031006013,紫外线杀菌设备,I0140611005,紫外线杀菌灯,fuzzy_name,76.9,0eead0fd-816e-4ab9-8032-f0110ad3fd4d,2026-09-14 10:54,2026-09-14 10:54
1123,2013,031006014,电热水器、开水炉,I0240102036,电热水器,partial_match,90.0,dd63eace-0afd-4948-b283-71b05aa23d0d,2026-09-14 10:54,2026-09-14 10:54
1126,2013,031007001,燃气开水炉,I0240101135,开水炉,partial_match,92.0,0e260825-4f92-4c1e-bfc1-55ca0081f955,2026-09-14 10:54,2026-09-14 10:54
1128,2013,031007003,"燃气
沸水器、消毒器",I0350101203,自动消毒器,fuzzy_name,67.5,7328568d-09d7-41d7-b310-c5d005d0ccd0,2026-09-14 10:54,2026-09-14 10:54
1129,2013,031007004,燃气热水器,I0140206059,热水器,partial_match,92.0,af0f484d-6459-41c0-b496-626bf57868d5,2026-09-14 10:54,2026-09-14 10:54
1130,2013,031007005,燃气表,I0210111007,燃气计量表,fuzzy_name,75.0,b3dc5916-5522-40ab-bb1c-cf125b4f3daa,2026-09-14 10:54,2026-09-14 10:54
1132,2013,031007008,调压器,I0140203001,防爆安全变压器,fuzzy_name,72.0,96f55dea-3384-490b-ab3b-d72ba065da54,2026-09-14 10:54,2026-09-14 10:54
2840,2024,031007009,干燥机,I0350101190,再生干燥机,partial_match,87.0,139eebfd-c58a-4078-80e2-eafe99da385e,2026-09-14 10:54,2026-09-14 10:54
2841,2024,031007010,储气罐,I0260101092,储气罐,exact_name,100.0,9d1d5c53-b716-4de7-98e4-300e4240bb6e,2026-09-14 10:54,2026-09-14 10:54
2842,2024,031007011,空气过滤器,I0180205049,过滤器,partial_match,92.0,1cacc27f-7e82-4d69-8192-6b8007e63299,2026-09-14 10:54,2026-09-14 10:54
2843,2024,031007012,集水器,I0350101330,集水器,exact_name,100.0,af5b3042-10f2-4495-8d0a-ff81ec4d2582,2026-09-14 10:54,2026-09-14 10:54
1136,2013,031007013,调压箱、调压装置,I0260211084,测压装置,fuzzy_name,77.1,f980aee2-fbf9-4f0d-b8a0-dcc1b27615b5,2026-09-14 10:54,2026-09-14 10:54
1137,2013,031007014,引入口砌筑,I0140801011,保护套,feature_match,72.0,70459298-ed43-4036-8825-e0210bd9e53f,2026-09-14 10:54,2026-09-14 10:54
2844,2024,031008001,采暖工程系统调试,I0350101038,地采暖,fuzzy_name,72.0,2554c938-9e81-4823-9cce-d43d5714ecfa,2026-09-14 10:54,2026-09-14 10:54
1138,2013,031008003,二级稳压箱,I0140202027,二级箱,fuzzy_name,75.0,d1e350b0-22d8-4eb6-91ec-7fe462b9f669,2026-09-14 10:54,2026-09-14 10:54
1139,2013,031008005,欠压 报警装置,I0180208301,报警器,fuzzy_name,68.4,86c012f6-7e74-4ac1-8145-0f0d12d06f5f,2026-09-14 10:54,2026-09-14 10:54
1143,2013,031008011,干燥机,I0350101190,再生干燥机,partial_match,87.0,8a43b011-932e-4a3e-971c-1aff401a4a3e,2026-09-14 10:54,2026-09-14 10:54
1144,2013,031009001,采暖工程系统调试,I0350101038,地采暖,fuzzy_name,72.0,66b74558-1c5a-44a4-b19d-84b34e7f6eee,2026-09-14 10:54,2026-09-14 10:54
2846,2024,031101001,机架(柜)、机箱,I0260101100,风机箱,fuzzy_name,72.0,d2baab9b-fb0d-4c53-a0f6-c624a79fee02,2026-09-14 10:54,2026-09-14 10:54
1147,2013,031101002,整流器,I0350101193,整流器,exact_name,100.0,6272b6a6-8b20-4eed-b0df-ce0a6c4c6df9,2026-09-14 10:54,2026-09-14 10:54
1148,2013,031101003,电子交流稳压器,I0350101007,稳压器,partial_match,88.6,72fcb995-6d19-46d0-9ab4-a346edc3fe33,2026-09-14 10:54,2026-09-14 10:54
1149,2013,031101004,市话组合电源,I0310301001,电源线,fuzzy_name,72.0,ef708816-b184-4930-a16f-29651cc2db27,2026-09-14 10:54,2026-09-14 10:54
1150,2013,031101005,调压器,I0140203001,防爆安全变压器,fuzzy_name,72.0,3b7b43ec-7e72-40bd-9c49-2cd68fbd84be,2026-09-14 10:54,2026-09-14 10:54
1151,2013,031101006,变换器,I0180208228,板式热交换器,fuzzy_name,72.0,cc3d8a22-5e9d-47dc-8ab8-19aa7239f67a,2026-09-14 10:54,2026-09-14 10:54
1152,2013,031101007,不间断电源设备,I0140202037,单相不停电电源 不间断电源,fuzzy_name,75.0,1706426e-7a18-4a2a-888f-1e448b18e7d1,2026-09-14 10:54,2026-09-14 10:54
1153,2013,031101009,"控制段内
无人站电源设备与主控联测",I0171701050,控制箱,fuzzy_name,72.0,62f1beb1-710b-481d-a1d3-1eae719a284e,2026-09-14 10:54,2026-09-14 10:54
1154,2013,031101010,单芯电源线,I0310301001,电源线,partial_match,92.0,47d366ce-6b69-4d12-9706-a05213115740,2026-09-14 10:54,2026-09-14 10:54
1155,2013,031101011,列内电源线,I0310301001,电源线,partial_match,92.0,0170b4d6-320d-4a2f-bbb6-2797f4761b5f,2026-09-14 10:54,2026-09-14 10:54
2852,2024,031101012,测量台、业务台,I0150101039,服务台,fuzzy_name,72.0,ac71ac69-7cc5-47a7-b57d-74dd5825b296,2026-09-14 10:54,2026-09-14 10:54
2853,2024,031101013,交换设备硬件调测,I0350101095,交换机,fuzzy_name,72.0,55dfb290-6865-46d0-9b10-904c4fcb77f1,2026-09-14 10:54,2026-09-14 10:54
1157,2013,031101014,电源分配柜、箱,I0310301001,电源线,fuzzy_name,72.0,d54e588d-23e7-4f7f-9436-7f7c4d4e9ff3,2026-09-14 10:54,2026-09-14 10:54
1158,2013,031101015,可控硅铃流发生器,I0140801017,可控硅,partial_match,87.5,3e6876f5-9a19-47d9-9f3d-3346083225b6,2026-09-14 10:54,2026-09-14 10:54
2855,2024,031101016,智能网设备,I0350101160,网络设备,fuzzy_name,66.7,0ba59a66-9d53-4e2e-9b4d-5bd7af09bab1,2026-09-14 10:54,2026-09-14 10:54
2856,2024,031101017,信令网设备,I0350101160,网络设备,fuzzy_name,66.7,f8bc5a13-9efe-44ab-9962-da608ff345b8,2026-09-14 10:54,2026-09-14 10:54
1159,2013,031101018,保安配线箱,I0350101054,分线箱,fuzzy_name,72.0,6c4f7af6-5318-4dd6-ab72-177fc97cc604,2026-09-14 10:54,2026-09-14 10:54
1160,2013,031101019,配线架,I0140404002,配线桥架,fuzzy_name,85.7,6c9745c8-3a74-498b-b11b-8e0e69ca525a,2026-09-14 10:54,2026-09-14 10:54
2858,2024,031101020,光电转换模块,I0350101417,光/电模块,fuzzy_name,72.7,b01d1186-3a4a-45a7-af3d-380db2956f52,2026-09-14 10:54,2026-09-14 10:54
1161,2013,031101022,列架、机台、事故照明,I0140202023,照明箱,fuzzy_name,72.0,391893d5-2fc5-4ab8-8f8d-def7e1a4f9a5,2026-09-14 10:54,2026-09-14 10:54
1163,2013,031101025,配线架跳线,I0140404002,配线桥架,fuzzy_name,66.7,bd27d351-4ac3-4b67-bd8d-2fe621097fdd,2026-09-14 10:54,2026-09-14 10:54
1164,2013,031101027,电话交换设备,I0140303055,电话线,fuzzy_name,72.0,7d4a7c0f-8cca-45bc-8abb-9bf85d8ac5cb,2026-09-14 10:54,2026-09-14 10:54
1165,2013,031101028,"维护终端、打印机、话务台告警
设备",I0320101001,打印机,partial_match,83.5,5493c64c-c992-48bd-b612-cf44252659da,2026-09-14 10:54,2026-09-14 10:54
1166,2013,031101029,"程控车载
集装箱",I0330103007,集装箱,partial_match,87.5,21ff8fb0-f6f6-43e3-9cc2-fc25a9a04ac0,2026-09-14 10:54,2026-09-14 10:54
1167,2013,031101037,用户交换机,I0350101095,交换机,partial_match,92.0,0977769b-516a-4d2f-9015-eb008032e0aa,2026-09-14 10:54,2026-09-14 10:54
1168,2013,031101042,"网络管理
系统设备",I0310301006,网络线,fuzzy_name,72.0,e33035ba-8bfa-422b-8240-b6efe2e36c49,2026-09-14 10:54,2026-09-14 10:54
1170,2013,031101055,光电转换器,I0180208277,换热器,fuzzy_name,72.0,d45c1696-e186-4a7a-a0b4-cd2dd99c9142,2026-09-14 10:54,2026-09-14 10:54
1171,2013,031101056,光线路放大器,I0380303003,大便器,fuzzy_name,72.0,55f58a54-01d6-485b-beb0-ceeb3113f25e,2026-09-14 10:54,2026-09-14 10:54
1173,2013,031101064,数字数据网设备,I0350101160,网络设备,fuzzy_name,77.1,ea338647-f527-403b-a18f-0e9c2e4a54b7,2026-09-14 10:54,2026-09-14 10:54
1174,2013,031101065,调测数字数据网设备,I0350101160,网络设备,fuzzy_name,77.1,3ef7a6f9-1ac1-4e8f-a7c7-0018d9b6ce07,2026-09-14 10:54,2026-09-14 10:54
1175,2013,031101066,系统打印机,I0320101001,打印机,partial_match,92.0,5aafbc0e-6af7-4b49-b5de-9a68a84f84c9,2026-09-14 10:54,2026-09-14 10:54
1177,2013,031101072,铁塔,I0350101148,铁塔架,partial_match,88.3,b5e6d439-871e-4b38-9e5d-6041aea900a1,2026-09-14 10:54,2026-09-14 10:54
1178,2013,031101083,配合 终端测试,I0340101026,终端箱,fuzzy_name,68.4,e3578b3c-9c27-413b-a5a9-729195a32650,2026-09-14 10:54,2026-09-14 10:54
1179,2013,031101095,电话分系统设备,I0140303055,电话线,fuzzy_name,72.0,60a89c45-bc64-4fcb-96d1-10a2610db78d,2026-09-14 10:54,2026-09-14 10:54
1180,2013,031101096,电话分系统工程勤务 ESC,I0140303055,电话线,fuzzy_name,72.0,f30db762-bac9-4aad-a17c-0558220cd35f,2026-09-14 10:54,2026-09-14 10:54
1181,2013,031101097,"电视分系统
（TV/FM）",I0080407023,电视柜,fuzzy_name,72.0,07e2cf68-e89c-463c-a910-6adf1ae3fe00,2026-09-14 10:54,2026-09-14 10:54
1182,2013,031101098,低噪声放大器,I0380303003,大便器,fuzzy_name,72.0,587fd3de-d988-4355-9281-0f190695d566,2026-09-14 10:54,2026-09-14 10:54
1183,2013,031101099,监测控制 分系统监控桌,I0171701050,控制箱,fuzzy_name,68.4,e1ca6807-b0ee-4ba1-898a-5c233d54b956,2026-09-14 10:54,2026-09-14 10:54
1184,2013,031101100,"监测控制
分系统微机控制",I0171701050,控制箱,fuzzy_name,72.0,7ebbf83a-5fdd-4c81-8687-5eaca3e76546,2026-09-14 10:54,2026-09-14 10:54
1185,2013,031101107,"控制中心站
（VSAT）站内环测及全网系统对测",I0171701050,控制箱,fuzzy_name,72.0,bf709bb7-451b-4c87-824a-1a537e4cf663,2026-09-14 10:54,2026-09-14 10:54
1187,2013,031102006,避雷器,I0140103001,避雷器,exact_name,100.0,fb7a8e64-eb33-4353-94a8-d72970a6cb80,2026-09-14 10:54,2026-09-14 10:54
1189,2013,031102015,基站监控配线箱,I0350101054,分线箱,fuzzy_name,72.0,4543fa2f-9e18-4f39-bb6f-d4813e203779,2026-09-14 10:54,2026-09-14 10:54
1190,2013,031102019,自动寻呼终端设备,I0150201009,自动门,fuzzy_name,72.0,12f9d6af-3dfe-40a7-8a86-413e1c83463e,2026-09-14 10:54,2026-09-14 10:54
1191,2013,031102020,数据处理中心设备,I0350101010,数据线,fuzzy_name,72.0,0e79dd0a-2fd4-42da-ae20-2d6e041af1a7,2026-09-14 10:54,2026-09-14 10:54
1192,2013,031102021,人工台,I0360101001,人工费,fuzzy_name,66.7,0959f7fa-95ad-4a69-8620-2ce62024cf91,2026-09-14 10:54,2026-09-14 10:54
1193,2013,031102024,基站控制器、编码器,I0260101095,控制器,partial_match,86.7,e97c2934-fd3e-4ad7-b3c5-3c62c4d5e512,2026-09-14 10:54,2026-09-14 10:54
1194,2013,031102025,调测基站 控制、编码器,I0171701050,控制箱,fuzzy_name,68.4,4884a38d-2cee-44f1-abc4-e10280ed2d5b,2026-09-14 10:54,2026-09-14 10:54
1196,2013,031103002,长途专用塑料管道,I0120104240,塑料水管,fuzzy_name,67.5,c74e5076-d38a-4eea-b23d-b9047532a890,2026-09-14 10:54,2026-09-14 10:54
1197,2013,031103003,通信电（光）缆通道,I0200101066,通道锁,fuzzy_name,72.0,8ded76bb-8ca0-497e-8718-4386cdaae092,2026-09-14 10:54,2026-09-14 10:54
1198,2013,031103006,人工敷设塑料子管,I0360101001,人工费,fuzzy_name,72.0,c277eed8-1f30-46d7-863c-c1e9e8d9cfb8,2026-09-14 10:54,2026-09-14 10:54
1199,2013,031103007,架空吊线,I0310501001,铜芯交联聚乙烯绝缘架空线,fuzzy_name,77.1,6ecb2dfd-5d71-4d56-b3e8-d88edd6ec9c7,2026-09-14 10:54,2026-09-14 10:54
1200,2013,031103008,光缆,I0311301029,光缆接头盒,partial_match,83.0,c564d3ad-3106-4d93-add2-3ca3ce08da45,2026-09-14 10:54,2026-09-14 10:54
1202,2013,031103010,光缆接续,I0311301030,光缆接线密封盒,fuzzy_name,77.1,303e137b-a96a-4391-b8ff-b5b3a9dba636,2026-09-14 10:54,2026-09-14 10:54
1209,2013,031103018,气闭头,I0270201010,气刨头,fuzzy_name,66.7,52804c6f-9a98-4890-88a4-e67d764e98be,2026-09-14 10:54,2026-09-14 10:54
1211,2013,031103020,进线室承托铁架,I0140201027,进线柜,fuzzy_name,72.0,d1772e89-3a72-439c-9f3a-d3d7a9bc522c,2026-09-14 10:54,2026-09-14 10:54
1212,2013,031103021,托架,I0311301020,电缆托架,partial_match,85.0,66df4635-3b1d-44cb-ba5c-84104d9a2a24,2026-09-14 10:54,2026-09-14 10:54
2879,2024,031103022,进线室承托铁架,I0140201027,进线柜,fuzzy_name,72.0,6c060611-c144-4661-9316-c7f5a773a026,2026-09-14 10:54,2026-09-14 10:54
1214,2013,031103023,交接箱,I0340101049,母线插接箱,fuzzy_name,72.0,e8cbedb6-66dd-4f47-b48b-3005063a0e73,2026-09-14 10:54,2026-09-14 10:54
1215,2013,031103024,交接间配线架,I0140404002,配线桥架,fuzzy_name,77.1,5f3c775e-fbc5-4b1e-a86a-bd5ed1ab8b60,2026-09-14 10:54,2026-09-14 10:54
1216,2013,031103025,分线箱（盒）,I0350101054,分线箱,partial_match,90.0,ae338e89-71b1-4a36-affc-48fd10781da4,2026-09-14 10:54,2026-09-14 10:54
2883,2024,031103026,配线箱,I0140201043,二级分配箱,fuzzy_name,72.0,ba24c573-4a1d-4121-8979-1f4e3785cdf6,2026-09-14 10:54,2026-09-14 10:54
1217,2013,031103027,告警器、传感器,I0140801019,互感器,fuzzy_name,72.0,b0b1bb2c-91c7-447f-a48b-f1b6b799891c,2026-09-14 10:54,2026-09-14 10:54
2884,2024,031103028,终端盒、过线盒,I0140612101,接线盒,fuzzy_name,72.0,a500d802-2eb4-49d6-9382-52e3e56b79dd,2026-09-14 10:54,2026-09-14 10:54
1219,2013,031103029,水线地锚或永久标桩,I0020301010,泛水线,fuzzy_name,72.0,d7666e6c-9e91-4e4f-ab3f-a063950a1ee3,2026-09-14 10:54,2026-09-14 10:54
1221,2013,031103032,对地绝缘监测装置,I0260211084,测压装置,fuzzy_name,77.1,dc7a144f-f6d5-40f1-a26a-f30b20868c20,2026-09-14 10:54,2026-09-14 10:54
1222,2013,031103033,埋式光缆对地绝缘检查及处理,I0010401002,95TT推拉式断热门窗铝型材 按设计,feature_match,90.0,d8810232-2b58-4825-9c31-0eae82df9e58,2026-09-14 10:54,2026-09-14 10:54
1224,2013,031201002,设备与矩形管道刷油,I0010301003,矩形管,partial_match,86.7,8f4d0d74-19ca-48ac-9cd1-df79e645114c,2026-09-14 10:54,2026-09-14 10:54
1226,2013,031201004,铸铁管、暖气片刷油,I0260101096,暖气片,partial_match,86.7,45e3d85b-80e2-4358-a58c-a912cf99412f,2026-09-14 10:54,2026-09-14 10:54
1231,2013,031201009,喷漆,I0320301094,自喷漆,partial_match,88.3,58e48328-7ba9-43b9-bed0-06bbde97f34d,2026-09-14 10:54,2026-09-14 10:54
1232,2013,031202002,管道防腐蚀,I0180204023,管道防爆波纹阻火器,fuzzy_name,67.5,6cd0032e-7f45-4047-94d2-dc5e2a0d8640,2026-09-14 10:54,2026-09-14 10:54
1233,2013,031202005,防火涂料,I0110201010,防火涂料,exact_name,100.0,b098d57f-43c8-4192-ae47-b228142bb253,2026-09-14 10:54,2026-09-14 10:54
1236,2013,031202008,埋地管道防腐蚀,I0140607001,埋地灯,fuzzy_name,72.0,ad15251c-4bd5-458c-904d-63efb6d105e8,2026-09-14 10:54,2026-09-14 10:54
1237,2013,031202009,环氧煤沥青防腐蚀,I0070205005,环氧沥青防腐涂料,fuzzy_name,75.0,a5dd3455-6fcd-4241-9c50-889895ea75c7,2026-09-14 10:54,2026-09-14 10:54
2900,2024,031202010,聚合物涂料,I0070107001,聚合物水泥防水涂料,fuzzy_name,71.4,32fab21f-1fb5-4d85-b2b4-d10560b86394,2026-09-14 10:54,2026-09-14 10:54
1238,2013,031203001,碳钢设备糊衬,I0050403014,玻璃钢,feature_match,100.0,d1c9b3bc-dada-4ac8-a856-3b9c1dc171c1,2026-09-14 10:54,2026-09-14 10:54
1239,2013,031203002,塑料管道增强糊衬,I0120104240,塑料水管,fuzzy_name,77.1,896e2abb-172e-43e6-8c58-413fc8750389,2026-09-14 10:54,2026-09-14 10:54
1240,2013,031203003,各种玻璃钢聚合,I0050403014,玻璃钢,partial_match,88.6,8a8a58ff-173a-4d8a-8e3e-35f2ba8fccc5,2026-09-14 10:54,2026-09-14 10:54
1244,2013,031205004,搅拌叶轮、轴类搪铅,I0120111005,搅拌头,fuzzy_name,72.0,86d65a58-9eb6-4df5-a3aa-c6845fa85961,2026-09-14 10:54,2026-09-14 10:54
1247,2013,031207002,矩形设备耐酸砖、板衬里,I0010301003,矩形管,fuzzy_name,72.0,fe1a8bc0-b0e0-465e-ad25-8d8cd2981f36,2026-09-14 10:54,2026-09-14 10:54
1250,2013,031207005,衬石墨管接,I0140410008,管接头,fuzzy_name,72.0,0ebcdb3d-4236-441c-99a6-434d100b5534,2026-09-14 10:54,2026-09-14 10:54
1251,2013,031207006,铺衬石棉板,I0220204002,矿棉板,fuzzy_name,72.0,d74977ac-5076-4135-91b3-164bfe692cdf,2026-09-14 10:54,2026-09-14 10:54
1252,2013,031207007,耐酸砖板衬砌体热处理,I0110102011,耐酸漆,fuzzy_name,72.0,fbf939ec-7fdb-4d21-b982-a2aa2e2be6c3,2026-09-14 10:54,2026-09-14 10:54
1253,2013,031208002,管道绝热,I0180204024,管道散热放空阻火器,fuzzy_name,67.5,77b09bfb-2354-4890-8a08-8fc27f8ebba7,2026-09-14 10:54,2026-09-14 10:54
1254,2013,031208003,通风管道绝热,I0260101171,通风器,fuzzy_name,72.0,51b2e775-fda3-4276-a839-ea1757a4421f,2026-09-14 10:54,2026-09-14 10:54
1257,2013,031208007,防潮层、保护层,I0290203057,防潮垫,fuzzy_name,72.0,7d118542-1c98-4e90-98ae-e5eb64ca711a,2026-09-14 10:54,2026-09-14 10:54
1258,2013,031208008,保温盒、保温托盘,I0350101019,保温钉,fuzzy_name,72.0,c711bc03-9d5c-4957-8b70-9ea0ee9dc121,2026-09-14 10:54,2026-09-14 10:54
1260,2013,031209002,防腐蚀,I0030242,防腐混凝土,fuzzy_name,72.0,a93eabc6-608b-407c-8406-445195099d63,2026-09-14 10:54,2026-09-14 10:54
1262,2013,031210001,阴极保护,I0350101436,罐体阴极保护装置,partial_match,85.0,8ed07801-e2b2-4a1d-bc01-256f59fe851d,2026-09-14 10:54,2026-09-14 10:54
1263,2013,031210002,阳极保护,I0350101436,罐体阴极保护装置,fuzzy_name,67.5,1d01560d-4f2a-4ef1-9b9b-fcafd89deeca,2026-09-14 10:54,2026-09-14 10:54
2927,2024,031210005,绝缘性能测试,I0140801012,绝缘体,fuzzy_name,72.0,7e6551ca-632e-4dc0-b06e-e8f2ffcdd79c,2026-09-14 10:54,2026-09-14 10:54
1264,2013,031301003,非夜间施工照明,I0140202023,照明箱,fuzzy_name,72.0,cd1f014d-2e39-4ba1-80e4-b54f448a4a87,2026-09-14 10:54,2026-09-14 10:54
1265,2013,031301006,已完工程及设备保护,I0140801011,保护套,fuzzy_name,72.0,7c5b1b19-dbec-4665-b67b-3573763f3505,2026-09-14 10:54,2026-09-14 10:54
1266,2013,031302001,脚手架搭拆,I0250105006,脚手架,partial_match,92.0,fd3fb578-dcf5-420b-9aeb-cc85cb706411,2026-09-14 10:54,2026-09-14 10:54
1267,2013,031304006,焊接工艺评定,I0260301090,焊接管,fuzzy_name,72.0,30b543a2-a575-4819-a794-26333d9a9951,2026-09-14 10:54,2026-09-14 10:54
1268,2013,031304007,"胎（模）具制作、
安装、拆除",I0190701002,安装片,fuzzy_name,68.4,fa586df0-f448-4246-bc0c-9596e12dd95d,2026-09-14 10:54,2026-09-14 10:54
1269,2013,031304008,"防护棚制作安
装折除",I0290201007,防护网,fuzzy_name,72.0,5500f0ef-95de-4816-9118-3774e070bfb9,2026-09-14 10:54,2026-09-14 10:54
1270,2013,031304010,"安装与生产同
时进行施工增加",I0190701002,安装片,fuzzy_name,72.0,2b66fb8d-86e4-4aaa-8d11-796629f04d8d,2026-09-14 10:54,2026-09-14 10:54
1271,2013,031304013,"设备、管道施工的安全、防冻和
焊接保护",I0140801011,保护套,fuzzy_name,72.0,395f061a-c3c1-4cfe-9aff-7de7a2ff335a,2026-09-14 10:54,2026-09-14 10:54
1272,2013,031304015,管道安拆后的充气保护,I0140801011,保护套,fuzzy_name,72.0,64cf6ccc-e867-4f6b-bd38-41e9b112f1ef,2026-09-14 10:54,2026-09-14 10:54
2931,2024,031401001,脚手架,I0250105006,脚手架,exact_name,100.0,07860368-f704-4934-b426-3b3d68d792aa,2026-09-14 10:54,2026-09-14 10:54
2933,2024,031401014,既有建(构)筑物、设施保护,I0140801011,保护套,fuzzy_name,72.0,35387c6b-c663-4ec1-af70-e4c3a16d6c3f,2026-09-14 10:54,2026-09-14 10:54
2934,2024,031401015,已完工程及设备保护,I0140801011,保护套,fuzzy_name,72.0,0f832111-23eb-470c-b323-6e38d777d170,2026-09-14 10:54,2026-09-14 10:54
2935,2024,031401018,安装与生产运行同时进行施工防护,I0190701002,安装片,fuzzy_name,72.0,0e020bff-4da4-4593-9215-03bbe97c34aa,2026-09-14 10:54,2026-09-14 10:54
2936,2024,031401019,有害身体健康环境中施工防护,I0290201007,防护网,fuzzy_name,72.0,5cac8ffc-8d42-41b8-b884-57712a5e424a,2026-09-14 10:54,2026-09-14 10:54
2937,2024,031401020,夜间施工增加费,I0090101048,加工费,fuzzy_name,72.0,9d091f51-7729-464c-b661-b055280903a4,2026-09-14 10:54,2026-09-14 10:54
3021,2024,040201002,真空预压,I0210105025,电接点真空压力表,fuzzy_name,67.5,b6e6a8da-5e83-4857-8c7c-dc6c62fa1e6e,2026-09-14 10:54,2026-09-14 10:54
1274,2013,040201003,振冲密实 (不填料),I0220106006,CT1型阻尼弹簧隔振器,feature_match,72.0,d20939d1-8c73-4c22-9ba3-e35a48a8b462,2026-09-14 10:54,2026-09-14 10:54
1275,2013,040201004,掺石灰,I00606,熟石灰,fuzzy_name,66.7,3649b5e6-3be1-4763-810a-1f79cc7c3228,2026-09-14 10:54,2026-09-14 10:54
1278,2013,040201013,深层搅拌 桩,I0120111005,搅拌头,fuzzy_name,68.4,66e9d62a-1482-4a73-8dc4-403539eb5efc,2026-09-14 10:54,2026-09-14 10:54
1281,2013,040201016,石灰桩,I00606,熟石灰,fuzzy_name,66.7,58f8f671-9409-48d6-a9d5-5446b3afe6c1,2026-09-14 10:54,2026-09-14 10:54
3028,2024,040201018,塑料套管混凝土桩（TC桩）,I0030129,混凝土,partial_match,84.6,b44c042c-3006-4e21-86aa-a3f7d9918d1e,2026-09-14 10:54,2026-09-14 10:54
3030,2024,040201021,土工合成材料,I0120207026,土工布,fuzzy_name,72.0,38010515-e1be-4c8c-affd-5e2280ed77be,2026-09-14 10:54,2026-09-14 10:54
1284,2013,040202001,路床（槽）整形,I0200801147,整形锉,fuzzy_name,72.0,57b00766-98f7-4ce2-904e-393a05ecd390,2026-09-14 10:54,2026-09-14 10:54
1285,2013,040202002,石灰稳定土,I00606,熟石灰,fuzzy_name,72.0,01f245c0-3c43-4cb1-95f4-bcae24fad082,2026-09-14 10:54,2026-09-14 10:54
3034,2024,040202003,石灰、粉煤灰、土,I00606,熟石灰,fuzzy_name,72.0,ab3c5519-128d-42ca-b08b-3e9f84797317,2026-09-14 10:54,2026-09-14 10:54
1287,2013,040202004,石灰、粉煤灰、土,I00606,熟石灰,fuzzy_name,72.0,4ff35bd1-ed50-4adb-9b5f-212da3f51ca2,2026-09-14 10:54,2026-09-14 10:54
1288,2013,040202005,石灰、碎石、土,I00606,熟石灰,fuzzy_name,72.0,afb3629e-d540-4538-a8a7-73f812b095de,2026-09-14 10:54,2026-09-14 10:54
3037,2024,040202006,粉煤灰,I0040302001,粉煤灰I级,partial_match,87.0,9b4ff842-6f24-46d5-87e8-6b766af437a2,2026-09-14 10:54,2026-09-14 10:54
1290,2013,040202007,粉煤灰,I0040302001,粉煤灰I级,partial_match,87.0,c620cbc0-3a9d-42ed-ab3b-353b40fec6c5,2026-09-14 10:54,2026-09-14 10:54
1291,2013,040202008,矿渣,I0040303001,矿渣粉,partial_match,88.3,51bd8fc6-e64f-4235-beb5-88f98367dde5,2026-09-14 10:54,2026-09-14 10:54
1292,2013,040202009,砂砾石,I0180204015,砾石阻火器,fuzzy_name,72.0,7640da14-7ec7-4269-9ccd-082cf8a1b664,2026-09-14 10:54,2026-09-14 10:54
1293,2013,040202010,卵石,I0130104007,鹅卵石,partial_match,88.3,c8764702-bf79-4f93-a865-0a19b54d0018,2026-09-14 10:54,2026-09-14 10:54
1294,2013,040202011,碎石,I0060402001,碎石子,partial_match,88.3,27608bed-3856-499f-ae70-560cb82663fc,2026-09-14 10:54,2026-09-14 10:54
3042,2024,040202013,粉煤灰三渣,I0020104001,粉煤灰硅酸盐水泥,fuzzy_name,67.5,59ad974e-10da-4b19-ac34-c0a0e2620ea9,2026-09-14 10:54,2026-09-14 10:54
1295,2013,040202014,粉煤灰三渣,I0020104001,粉煤灰硅酸盐水泥,fuzzy_name,67.5,bb33427e-261f-4478-8df8-6a74288c2d45,2026-09-14 10:54,2026-09-14 10:54
3044,2024,040202015,沥青稳定碎石,I0060402001,碎石子,fuzzy_name,72.0,e972c039-a5a0-4282-8f00-d8d7e13ae973,2026-09-14 10:54,2026-09-14 10:54
1297,2013,040202016,沥青稳定碎石,I0060402001,碎石子,fuzzy_name,72.0,e695e494-bc71-45bd-af81-1d87836df1a2,2026-09-14 10:54,2026-09-14 10:54
1298,2013,040203001,沥青表面处治,I0110104005,沥青膏,fuzzy_name,72.0,5d7528b7-1252-4b9f-81ee-e3889034c56d,2026-09-14 10:54,2026-09-14 10:54
1299,2013,040203002,沥青贯入式,I0110104005,沥青膏,fuzzy_name,72.0,b4a8f8a4-5f8d-45de-a90d-04ffe47d1e3d,2026-09-14 10:54,2026-09-14 10:54
1300,2013,040203005,黑色碎石,I0130205006,黑色人造石,fuzzy_name,66.7,2777d9e7-a3a2-4b0e-bea6-3e20d0c8690e,2026-09-14 10:54,2026-09-14 10:54
1301,2013,040203006,沥青混凝土,I0030129,混凝土,synonym_match,95.0,04252326-23e4-4438-8db9-bbc8c19af501,2026-09-14 10:54,2026-09-14 10:54
1302,2013,040203007,水泥混凝土,I0030129,混凝土,partial_match,92.0,cbf91d84-bdfc-4a1e-beb2-df6c071b7ba1,2026-09-14 10:54,2026-09-14 10:54
1303,2013,040203009,橡胶、塑料弹性面层,I0120201010,橡胶棒,fuzzy_name,72.0,f8a74752-9a8b-407b-a4cf-e56867a0dfa5,2026-09-14 10:54,2026-09-14 10:54
3050,2024,040204001,人行道块料铺设,I0030129,混凝土,feature_match,100.0,33393e28-7a2b-486e-8be1-36764b5169a3,2026-09-14 10:54,2026-09-14 10:54
3051,2024,040204002,水泥混凝土人行道,I0030129,混凝土,partial_match,87.5,fa545c29-cb1b-47f1-8bcf-afceb1b3deaf,2026-09-14 10:54,2026-09-14 10:54
1304,2013,040204003,现浇混凝土人行道及进口坡,I0030129,混凝土,partial_match,85.0,2065c5d8-740a-487e-984f-cb41c017714e,2026-09-14 10:54,2026-09-14 10:54
3053,2024,040204004,安砌侧（平、缘）石,I0030129,混凝土,feature_match,100.0,2c19c757-5504-44d0-a976-c701c349b9ad,2026-09-14 10:54,2026-09-14 10:54
1305,2013,040204005,现浇侧（平、缘）石,I0030129,混凝土,feature_match,100.0,b7bc8aeb-d777-47f9-8301-d00b843b37d6,2026-09-14 10:54,2026-09-14 10:54
1306,2013,040204006,检查井升降,I0120104190,检查口,fuzzy_name,72.0,a2c9dcd6-2e82-4803-949a-469d334b55de,2026-09-14 10:54,2026-09-14 10:54
3057,2024,040205001,人（手）孔井,I0030129,混凝土,feature_match,100.0,6cdeeb20-b182-4a81-a4ea-60f5714b7c58,2026-09-14 10:54,2026-09-14 10:54
3058,2024,040205002,交通标志杆,I0030129,混凝土,feature_match,100.0,70f8d690-b5f8-47ac-bebc-46b934d58714,2026-09-14 10:54,2026-09-14 10:54
3059,2024,040205003,标志牌,I0010603076,导向标志牌,partial_match,87.0,eb4df59e-b951-4c7a-9a8e-540889895209,2026-09-14 10:54,2026-09-14 10:54
1311,2013,040205004,标志板,I0140609009,标志灯,fuzzy_name,66.7,deebaab4-b2e2-435f-89a5-c89f85af4ba6,2026-09-14 10:54,2026-09-14 10:54
1312,2013,040205005,视线诱导器,I0140303056,电视线,fuzzy_name,72.0,79e87679-cbf3-4403-95a1-db24233e299d,2026-09-14 10:54,2026-09-14 10:54
1313,2013,040205006,标线,I0110102012,标线漆,partial_match,88.3,48dfd729-25f8-4a07-a287-77870bfeb902,2026-09-14 10:54,2026-09-14 10:54
3063,2024,040205007,标线,I0110102012,标线漆,partial_match,88.3,5be08b2d-db6b-466c-885e-51128a246c04,2026-09-14 10:54,2026-09-14 10:54
3064,2024,040205013,隔离护栏,I0030129,混凝土,feature_match,100.0,b225e22c-3890-429c-bf9e-35548b203761,2026-09-14 10:54,2026-09-14 10:54
1314,2013,040205014,架空走线,I0310501001,铜芯交联聚乙烯绝缘架空线,fuzzy_name,77.1,1abb7cfb-2557-48eb-b2da-f89897cf293f,2026-09-14 10:54,2026-09-14 10:54
3066,2024,040205015,设备控制机箱,I0260101100,风机箱,fuzzy_name,72.0,69649cca-6ec9-42c2-b002-ee2735febfa9,2026-09-14 10:54,2026-09-14 10:54
1315,2013,040205016,设备控制机箱,I0260101100,风机箱,fuzzy_name,72.0,59ac4b8c-ab98-41a2-86fa-6e02890b8b9f,2026-09-14 10:54,2026-09-14 10:54
3067,2024,040205017,警示柱,I0140609010,警示灯,fuzzy_name,66.7,7847e98c-fc25-4e8c-abd1-137bfb6642a3,2026-09-14 10:54,2026-09-14 10:54
3068,2024,040205018,减速垄,I0180208189,减速机,fuzzy_name,66.7,08304761-d95e-447d-b25c-9b8a61cd116b,2026-09-14 10:54,2026-09-14 10:54
1316,2013,040205019,警示柱,I0140609010,警示灯,fuzzy_name,66.7,dc8da77e-6c4d-4038-b678-b83956b58741,2026-09-14 10:54,2026-09-14 10:54
1317,2013,040205020,减速垄,I0180208189,减速机,fuzzy_name,66.7,33b8842a-c36a-4b38-84ec-f17bf95705d5,2026-09-14 10:54,2026-09-14 10:54
1319,2013,040205022,数码相机,I0320104001,数码相机 佳能,partial_match,86.4,115eac92-65d0-4dfd-8ad1-e910b14d9ecc,2026-09-14 10:54,2026-09-14 10:54
3073,2024,040301001,预制钢筋混凝土方桩,I0030129,混凝土,partial_match,86.7,f862e38f-cb68-4417-8f7a-40a3fe9805e4,2026-09-14 10:54,2026-09-14 10:54
3074,2024,040301002,预制钢筋混凝土管桩,I0030129,混凝土,partial_match,86.7,a818d418-03dd-44b3-bea0-d7c48d71a26a,2026-09-14 10:54,2026-09-14 10:54
3076,2024,040301004,泥浆护壁成孔灌注桩,I0030129,混凝土,feature_match,100.0,a4a5d090-d61b-4700-95e3-91820ff164b1,2026-09-14 10:54,2026-09-14 10:54
3077,2024,040301005,沉管灌注桩,I0030129,混凝土,feature_match,100.0,70415796-5713-4296-930b-4ae62e8b9d22,2026-09-14 10:54,2026-09-14 10:54
3078,2024,040301006,干作业成孔灌注桩,I0030129,混凝土,feature_match,100.0,631f2aa1-ad60-412c-b7c8-95734e3bd94a,2026-09-14 10:54,2026-09-14 10:54
3080,2024,040301008,钻孔压浆桩,I0280201006,钻孔机,fuzzy_name,72.0,35702974-ef31-4870-afa4-f6d5dad32878,2026-09-14 10:54,2026-09-14 10:54
3081,2024,040301009,灌注桩后注浆,I0110405012,灌注胶,fuzzy_name,72.0,d577c7e4-2788-4511-8b9d-7e4a48456c4e,2026-09-14 10:54,2026-09-14 10:54
3082,2024,040301010,声测管,I0010306025,超声波检测管,fuzzy_name,72.0,07987eba-072f-478e-a85c-8c2575d7116f,2026-09-14 10:54,2026-09-14 10:54
1328,2013,040302001,泥浆护壁成 孔灌注桩,I0030129,混凝土,feature_match,100.0,abcbedf0-2472-4d81-88de-8e69301af327,2026-09-14 10:54,2026-09-14 10:54
3084,2024,040302002,预制钢筋混凝土板桩,I0030129,混凝土,partial_match,86.7,47c498fe-3d49-4219-8f91-f2aaf76e3d6f,2026-09-14 10:54,2026-09-14 10:54
1329,2013,040302003,干作业成孔灌注桩,I0030129,混凝土,feature_match,100.0,e044b6a3-f6cf-4f6c-9498-4ec41b427ae6,2026-09-14 10:54,2026-09-14 10:54
1330,2013,040302005,人工挖孔灌注桩,I0360101001,人工费,fuzzy_name,72.0,58a72121-5d3e-4069-80a3-4bb435ae3393,2026-09-14 10:54,2026-09-14 10:54
1331,2013,040302006,钻孔压浆桩,I0280201006,钻孔机,fuzzy_name,72.0,931b8020-03fd-416e-be84-58a8c06eb914,2026-09-14 10:54,2026-09-14 10:54
1332,2013,040302007,灌注桩后注浆,I0110405012,灌注胶,fuzzy_name,72.0,6da85576-feda-478e-b8fa-096173d728e0,2026-09-14 10:54,2026-09-14 10:54
3088,2024,040302008,喷射混凝土,I0030129,混凝土,partial_match,92.0,2af642ec-816a-4f87-af8c-7a2db1d7326f,2026-09-14 10:54,2026-09-14 10:54
3092,2024,040302013,混凝土支撑,I0030129,混凝土,partial_match,92.0,b751b7ff-a925-4ecd-94cd-d8de5327b1d4,2026-09-14 10:54,2026-09-14 10:54
1333,2013,040303001,地下连续墙,I0030129,混凝土,feature_match,100.0,3a8a9aae-7a6f-460a-b37d-b4485063de25,2026-09-14 10:54,2026-09-14 10:54
3095,2024,040303002,混凝土基础,I0030129,混凝土,partial_match,92.0,ea734795-ecfc-4674-bf33-0dff2ee7512d,2026-09-14 10:54,2026-09-14 10:54
3096,2024,040303003,混凝土承台,I0030129,混凝土,partial_match,92.0,316f50d4-f8ff-4f51-a298-ae97b7671c5b,2026-09-14 10:54,2026-09-14 10:54
3097,2024,040303004,混凝土墩（台）帽,I0030129,混凝土,partial_match,87.5,13e06704-b0c4-4001-9aee-28f77dabdfff,2026-09-14 10:54,2026-09-14 10:54
1334,2013,040303005,喷射混凝土、水泥砂浆,I0030129,混凝土,partial_match,86.0,c81826bf-0c0b-4ebd-8ccd-dfd61b2ad399,2026-09-14 10:54,2026-09-14 10:54
3099,2024,040303006,混凝土支撑梁及横梁,I0030129,混凝土,partial_match,86.7,72fd9a57-3335-42e3-8972-b895a7adaeb8,2026-09-14 10:54,2026-09-14 10:54
3100,2024,040303007,混凝土墩（台）盖梁,I0030129,混凝土,partial_match,86.7,8671d714-efde-43f6-a619-7e7372958611,2026-09-14 10:54,2026-09-14 10:54
3101,2024,040303008,混凝土拱桥拱座,I0030129,混凝土,partial_match,88.6,e31b0998-f8e4-4ec9-871b-d68d0b3e8ff3,2026-09-14 10:54,2026-09-14 10:54
3102,2024,040303009,混凝土拱桥拱肋,I0030129,混凝土,partial_match,88.6,fdc3225f-6e29-41a1-a52b-c3bb2b9493b2,2026-09-14 10:54,2026-09-14 10:54
3103,2024,040303010,混凝土拱上构件,I0030129,混凝土,partial_match,88.6,1771fe53-8d14-408f-8d84-6cfa351f51a5,2026-09-14 10:54,2026-09-14 10:54
3104,2024,040303011,混凝土箱梁,I0030129,混凝土,partial_match,92.0,b9dda3ed-342f-434b-9fed-5026d8fd093a,2026-09-14 10:54,2026-09-14 10:54
3105,2024,040303012,混凝土连续板,I0030129,混凝土,partial_match,90.0,641fdb95-9bbe-4d84-826e-510e565a5aa1,2026-09-14 10:54,2026-09-14 10:54
3106,2024,040303013,混凝土板梁,I0030129,混凝土,partial_match,92.0,e4d9c38e-d86b-45b1-8199-95acc2866344,2026-09-14 10:54,2026-09-14 10:54
3107,2024,040303014,混凝土板拱,I0030129,混凝土,partial_match,92.0,f35788eb-aa0f-4b70-8889-6c47d277be94,2026-09-14 10:54,2026-09-14 10:54
3108,2024,040303015,混凝土挡墙墙身,I0030129,混凝土,partial_match,88.6,e612ea52-c86f-42e6-9fae-429129211e58,2026-09-14 10:54,2026-09-14 10:54
3109,2024,040303016,混凝土挡墙压顶,I0030129,混凝土,partial_match,88.6,dd3c9c30-cd37-435d-bc15-49c6e3d8fce4,2026-09-14 10:54,2026-09-14 10:54
3110,2024,040303017,混凝土楼梯,I0030129,混凝土,partial_match,92.0,ef61b271-9ccd-4a3b-8dd3-eaf45e846826,2026-09-14 10:54,2026-09-14 10:54
3111,2024,040303018,混凝土防撞护栏,I0030129,混凝土,partial_match,88.6,d4c6b903-d406-4131-b197-e4e16c6cf79d,2026-09-14 10:54,2026-09-14 10:54
3112,2024,040303019,桥面铺装,I0030129,混凝土,feature_match,100.0,eccdc1e7-2b67-4671-a4ad-12f057f71eec,2026-09-14 10:54,2026-09-14 10:54
3113,2024,040303020,混凝土桥头搭板,I0030129,混凝土,partial_match,88.6,2a12e561-879c-45df-be66-1f42530158d9,2026-09-14 10:54,2026-09-14 10:54
3114,2024,040303021,混凝土搭板枕梁,I0030129,混凝土,partial_match,88.6,d75437e6-b4a4-49df-954a-36c53e48a541,2026-09-14 10:54,2026-09-14 10:54
3115,2024,040303022,混凝土桥塔身,I0030129,混凝土,partial_match,90.0,98eeac97-e371-4e8d-9bcc-77fb284ea277,2026-09-14 10:54,2026-09-14 10:54
3116,2024,040303023,混凝土连系梁,I0030129,混凝土,partial_match,90.0,a545fd6b-1405-48ed-a6bd-536e796e2352,2026-09-14 10:54,2026-09-14 10:54
3117,2024,040303024,混凝土其他构件,I0030129,混凝土,partial_match,88.6,a4fae7ed-75e7-43db-bfe6-20b7013b5e27,2026-09-14 10:54,2026-09-14 10:54
3118,2024,040303025,钢管拱拱肋混凝土,I0030129,混凝土,partial_match,87.5,66698288-d061-4354-95a6-5af1e3de8a19,2026-09-14 10:54,2026-09-14 10:54
3119,2024,040303026,整体化现浇混凝土,I0030129,混凝土,partial_match,87.5,f8938217-be4f-434d-bd28-cde88702bcf4,2026-09-14 10:54,2026-09-14 10:54
3120,2024,040303027,混凝土箱涵,I0030129,混凝土,partial_match,92.0,159162fe-04b1-4002-9bb8-d3623ac1dd6f,2026-09-14 10:54,2026-09-14 10:54
1335,2013,040304001,混凝土垫层,I0030129,混凝土,partial_match,92.0,31ad0b99-6631-4c90-9241-e0c844303cc1,2026-09-14 10:54,2026-09-14 10:54
1336,2013,040304002,混凝土基础,I0030129,混凝土,partial_match,92.0,cb1d7497-0741-4026-a6a6-270cc38a07ce,2026-09-14 10:54,2026-09-14 10:54
1337,2013,040304003,混凝土承台,I0030129,混凝土,partial_match,92.0,f37161f1-6a6f-4b16-8c78-734b6d05fc0f,2026-09-14 10:54,2026-09-14 10:54
1338,2013,040304004,混凝土墩（台）帽,I0030129,混凝土,partial_match,87.5,8dcb9cd9-c722-48fa-9730-9756cff53941,2026-09-14 10:54,2026-09-14 10:54
1339,2013,040304005,混凝土墩（台）身,I0030129,混凝土,partial_match,87.5,2db4ed08-ac7a-4ed9-936e-aaf042b258d2,2026-09-14 10:54,2026-09-14 10:54
1340,2013,040304006,"混凝土支撑梁及
横梁",I0030129,混凝土,partial_match,86.0,77d90106-cc2d-47cb-8a14-3276f3e47ae7,2026-09-14 10:54,2026-09-14 10:54
1341,2013,040304007,"混凝土墩（台）盖
梁",I0030129,混凝土,partial_match,86.0,8bbc4a18-4867-4f70-bda3-40afe918f12c,2026-09-14 10:54,2026-09-14 10:54
1342,2013,040304008,混凝土拱桥拱座,I0030129,混凝土,partial_match,88.6,d1539a84-0dac-4034-8ecf-731af94528b8,2026-09-14 10:54,2026-09-14 10:54
1343,2013,040304009,混凝土拱桥拱肋,I0030129,混凝土,partial_match,88.6,7dfa3a29-c337-4664-a310-b6891d38db5a,2026-09-14 10:54,2026-09-14 10:54
1344,2013,040304010,混凝土拱上构件,I0030129,混凝土,partial_match,88.6,af1d12e7-a82c-4674-996b-8183180fb262,2026-09-14 10:54,2026-09-14 10:54
1345,2013,040304011,混凝土箱梁,I0030129,混凝土,partial_match,92.0,25ee73e5-4fff-440c-9f22-e191f006c7cf,2026-09-14 10:54,2026-09-14 10:54
1346,2013,040304012,混凝土连续板,I0030129,混凝土,partial_match,90.0,cc72a618-dd38-44bf-a4b7-11df7aefc05e,2026-09-14 10:54,2026-09-14 10:54
1347,2013,040304013,混凝土板梁,I0030129,混凝土,partial_match,92.0,b57898aa-3de5-4e96-a330-ab0ee340ce6b,2026-09-14 10:54,2026-09-14 10:54
1348,2013,040304014,混凝土板拱,I0030129,混凝土,partial_match,92.0,f5ffc202-54cb-4da4-ad4a-ad6c3ebd1b67,2026-09-14 10:54,2026-09-14 10:54
1349,2013,040304015,混凝土挡墙墙身,I0030129,混凝土,partial_match,88.6,cf40e45c-8f5c-4b57-be75-1db354e9e641,2026-09-14 10:54,2026-09-14 10:54
1350,2013,040304016,混凝土挡墙压顶,I0030129,混凝土,partial_match,88.6,167ee678-b385-46b0-903e-566a54d31175,2026-09-14 10:54,2026-09-14 10:54
1351,2013,040304017,混凝土楼梯,I0030129,混凝土,partial_match,92.0,8ef1950e-07f1-45da-9565-cd1aa77316d3,2026-09-14 10:54,2026-09-14 10:54
1352,2013,040304018,混凝土防撞护栏,I0030129,混凝土,partial_match,88.6,39e98aaa-79c9-4f38-b10b-a9733d4adfc4,2026-09-14 10:54,2026-09-14 10:54
1353,2013,040304019,桥面铺装,I0030129,混凝土,feature_match,100.0,a1c4d046-c266-4e8a-87fb-d6a5235a67bf,2026-09-14 10:54,2026-09-14 10:54
1354,2013,040304020,混凝土桥头搭板,I0030129,混凝土,partial_match,88.6,2a7f25e3-0362-4c57-92be-ac116d18ac01,2026-09-14 10:54,2026-09-14 10:54
1355,2013,040304021,混凝土搭板枕梁,I0030129,混凝土,partial_match,88.6,5f758225-cb41-4df2-8ff1-3303c7b4f725,2026-09-14 10:54,2026-09-14 10:54
1356,2013,040304022,混凝土桥塔身,I0030129,混凝土,partial_match,90.0,c22dc48a-5605-46c8-99b2-89578516a27e,2026-09-14 10:54,2026-09-14 10:54
1357,2013,040304023,混凝土连系梁,I0030129,混凝土,partial_match,90.0,a43f4592-b9f0-445a-93b2-2d9548d89ad7,2026-09-14 10:54,2026-09-14 10:54
1358,2013,040304024,混凝土其他构件,I0030129,混凝土,partial_match,88.6,ac6a715b-9b73-413d-a2ad-c1413b1e7c97,2026-09-14 10:54,2026-09-14 10:54
1359,2013,040304025,钢管拱混凝土,I0030129,混凝土,partial_match,90.0,3d6bf47c-2693-40a4-b176-8ab6bedd4fc0,2026-09-14 10:54,2026-09-14 10:54
1360,2013,040305001,预制混凝土梁,I0030129,混凝土,partial_match,90.0,ed4139b5-90a2-4da6-8103-2b5f14a768a7,2026-09-14 10:54,2026-09-14 10:54
1361,2013,040305002,预制混凝土柱,I0030129,混凝土,partial_match,90.0,57f15638-7f97-43c8-8fbf-e0f48c00859e,2026-09-14 10:54,2026-09-14 10:54
1362,2013,040305003,预制混凝土板,I0030129,混凝土,partial_match,90.0,b027a9d3-f7eb-4c8d-9b2b-de1e1fa7efbe,2026-09-14 10:54,2026-09-14 10:54
1363,2013,040305004,预制混凝土挡土墙墙身,I0030129,混凝土,partial_match,86.0,b820f00c-e37d-4832-958f-28d81067deaa,2026-09-14 10:54,2026-09-14 10:54
1364,2013,040305005,预制混凝土其他构件,I0030129,混凝土,partial_match,86.7,8b27e4fa-ae7f-4505-99f9-c62bec3802c8,2026-09-14 10:54,2026-09-14 10:54
3132,2024,040306002,混凝土滑板,I0030129,混凝土,partial_match,92.0,52e884d0-a944-40d5-8a9a-077c7b4288da,2026-09-14 10:54,2026-09-14 10:54
3133,2024,040306003,箱涵底板,I0030129,混凝土,feature_match,100.0,be30ba52-c550-44fd-a36f-dd114f59ca6a,2026-09-14 10:54,2026-09-14 10:54
3134,2024,040306004,箱涵侧墙,I0030129,混凝土,feature_match,100.0,67c1bf02-81c5-4d5e-81f0-6bd7a5478c6c,2026-09-14 10:54,2026-09-14 10:54
3135,2024,040306005,箱涵顶板,I0030129,混凝土,feature_match,100.0,bd725eb9-6350-433e-946f-c19ba43d7adc,2026-09-14 10:54,2026-09-14 10:54
1368,2013,040307002,滑板,I0030129,混凝土,feature_match,100.0,157db626-de15-42a6-84a6-1cd6f7be2fad,2026-09-14 10:54,2026-09-14 10:54
1369,2013,040307003,箱涵底板,I0030129,混凝土,feature_match,100.0,cb28d3bb-6f24-4cd2-8343-7baa7eaafdf6,2026-09-14 10:54,2026-09-14 10:54
1370,2013,040307004,箱涵侧墙,I0030129,混凝土,feature_match,100.0,ba2bd25e-396c-43da-9661-e5f2c84ac5a6,2026-09-14 10:54,2026-09-14 10:54
1371,2013,040307005,箱涵顶板,I0030129,混凝土,feature_match,100.0,9051b24d-6104-417b-b76c-8793d79ecbaa,2026-09-14 10:54,2026-09-14 10:54
3143,2024,040307010,高强螺栓,I0200408031,高强螺栓,exact_name,100.0,84a69057-c253-4e70-95b6-db51344dc079,2026-09-14 10:54,2026-09-14 10:54
3146,2024,040308003,橡胶支座,I0180206193,橡胶支座,exact_name,100.0,0ddc128b-25dd-4827-a345-6de79d964812,2026-09-14 10:54,2026-09-14 10:54
1376,2013,040308005,劲性钢结构,I0110406,结构胶,fuzzy_name,72.0,0c594966-3cf8-4d38-9abc-0df3de72d379,2026-09-14 10:54,2026-09-14 10:54
3149,2024,040308006,桥梁伸缩装置,I0010207003,桥梁板,fuzzy_name,72.0,7c4bd0a9-5d7c-4d8e-9963-65e7520f75ed,2026-09-14 10:54,2026-09-14 10:54
1381,2013,040309002,剁斧石饰面,I0080204031,木饰面,fuzzy_name,72.0,5dab7cd5-7d34-43ef-85ce-0100e6abc80f,2026-09-14 10:54,2026-09-14 10:54
1382,2013,040309004,涂料,I0020301011,丽彩涂料,partial_match,85.0,37d5d965-bbdc-49df-b483-6dff9428c4e1,2026-09-14 10:54,2026-09-14 10:54
1386,2013,040310003,混凝土栏杆,I0030129,混凝土,partial_match,92.0,001246f7-c502-4998-b1b3-3f2a784eef1d,2026-09-14 10:54,2026-09-14 10:54
1387,2013,040310004,板式橡胶支座,I0180206193,橡胶支座,partial_match,93.3,4e4309fe-29f1-4560-971d-12ed82f95329,2026-09-14 10:54,2026-09-14 10:54
1390,2013,040310007,桥梁伸缩装置,I0010207003,桥梁板,fuzzy_name,72.0,9cdbbbcf-3c92-4ddd-833b-934a258d888a,2026-09-14 10:54,2026-09-14 10:54
1394,2013,040401005,小导管,I0350101035,导辊管,fuzzy_name,66.7,e78ae301-f7ea-49b7-9975-7921e2b34043,2026-09-14 10:54,2026-09-14 10:54
1395,2013,040402001,混凝土仰拱衬砌,I0030129,混凝土,partial_match,88.6,68345822-ccd6-4fff-98d6-afe5abc3bbe0,2026-09-14 10:54,2026-09-14 10:54
1396,2013,040402002,混凝土顶拱衬砌,I0030129,混凝土,partial_match,88.6,eec393aa-5e61-44eb-9635-5ba9619a978d,2026-09-14 10:54,2026-09-14 10:54
1397,2013,040402003,混凝土边墙衬砌,I0030129,混凝土,partial_match,88.6,11c6ae65-eb64-49fe-bcda-a0326e3b0e5f,2026-09-14 10:54,2026-09-14 10:54
1398,2013,040402004,混凝土竖井衬砌,I0030129,混凝土,partial_match,88.6,5c45df2f-bef2-4eb9-b28c-30c373d0e421,2026-09-14 10:54,2026-09-14 10:54
1399,2013,040402005,混凝土沟道,I0030129,混凝土,partial_match,92.0,40ae055d-0e5f-4907-a4d4-571dd6e40cfc,2026-09-14 10:54,2026-09-14 10:54
1400,2013,040402006,拱部喷射混凝土,I0030129,混凝土,partial_match,88.6,53be69a2-a55f-4dd5-9f39-f625013ba05a,2026-09-14 10:54,2026-09-14 10:54
1401,2013,040402007,边墙喷射混凝土,I0030129,混凝土,partial_match,88.6,e63224f1-5ba5-408b-84ee-5a246edb6389,2026-09-14 10:54,2026-09-14 10:54
3160,2024,040402008,边墙喷射混凝土,I0030129,混凝土,partial_match,88.6,2c8a4eca-eb2d-4f56-b4a8-95939c9a2c0e,2026-09-14 10:54,2026-09-14 10:54
1409,2013,040402017,变形缝,I0010604023,地面变形缝,partial_match,87.0,381e3b7b-6b75-47d2-b6be-9c028d6743b4,2026-09-14 10:54,2026-09-14 10:54
1410,2013,040402018,施工缝,I03304,施工区大门,fuzzy_name,72.0,0381af47-d0e1-4117-8dd4-c1f4e165cd1d,2026-09-14 10:54,2026-09-14 10:54
1412,2013,040403001,盾构吊装及吊拆,I0030129,混凝土,feature_match,100.0,bb10b2ba-f630-4ae0-81fe-aee469baa05b,2026-09-14 10:54,2026-09-14 10:54
1413,2013,040403002,盾构掘进,I0030129,混凝土,feature_match,100.0,24fbbcb1-8534-4a96-b9b1-5033f22b77f8,2026-09-14 10:54,2026-09-14 10:54
1414,2013,040403003,衬砌壁后压浆,I0030129,混凝土,feature_match,100.0,43aba178-6cef-43d4-85bc-76ea91e14e12,2026-09-14 10:54,2026-09-14 10:54
1415,2013,040403004,预制钢筋混凝土管片,I0030129,混凝土,partial_match,86.7,116ffd78-a29d-4aef-ae0c-bc577e5665e6,2026-09-14 10:54,2026-09-14 10:54
1416,2013,040403005,管片设置密封条,I0120204001,密封条,partial_match,88.6,754ec368-0ece-4ecf-afd6-e8c94b9f8aee,2026-09-14 10:54,2026-09-14 10:54
1418,2013,040404001,钢筋混凝土顶升管节,I0030129,混凝土,partial_match,86.7,e1d54874-de34-485d-a584-3fa07eaf09aa,2026-09-14 10:54,2026-09-14 10:54
1419,2013,040404002,垂直顶升设备安、拆,I0230101003,升降设备,fuzzy_name,67.5,6cdd08d3-e86f-4e2e-9b0d-d399c3291cbf,2026-09-14 10:54,2026-09-14 10:54
1420,2013,040404004,安装止水框、连系梁,I0190701002,安装片,fuzzy_name,72.0,0aca68a4-ea4c-429f-a206-d586c7d8fd49,2026-09-14 10:54,2026-09-14 10:54
1421,2013,040404005,阴极保护装置,I0350101436,罐体阴极保护装置,partial_match,90.0,18031d36-d0b1-46c0-a3ba-c41c830561e6,2026-09-14 10:54,2026-09-14 10:54
3178,2024,040404006,安装止水框、连系梁,I0190701002,安装片,fuzzy_name,72.0,e8bcfe01-298c-4558-9e97-c98f7ea7dbf3,2026-09-14 10:54,2026-09-14 10:54
3179,2024,040404007,阴极保护装置,I0350101436,罐体阴极保护装置,partial_match,90.0,03683536-0a62-49d8-9185-a31987e88e28,2026-09-14 10:54,2026-09-14 10:54
1423,2013,040404008,旁通道结构混凝土,I0030129,混凝土,partial_match,87.5,44efd7af-6151-483e-8f09-f99275097668,2026-09-14 10:54,2026-09-14 10:54
3181,2024,040404010,旁通道混凝土,I0030129,混凝土,partial_match,90.0,e260502c-c474-413d-85a8-2b3a7e152bdb,2026-09-14 10:54,2026-09-14 10:54
1426,2013,040404011,钢筋混凝土复合管片,I0030129,混凝土,partial_match,86.7,7c905a6c-43fe-4218-bfd8-4cf86432e204,2026-09-14 10:54,2026-09-14 10:54
1428,2013,040405001,沉井井壁混凝土,I0030129,混凝土,partial_match,88.6,61bd54ea-d6b9-443f-a148-40f1bfff14fa,2026-09-14 10:54,2026-09-14 10:54
1429,2013,040405003,沉井混凝土封底,I0030129,混凝土,partial_match,88.6,4175b37e-46e3-4f52-b1ff-98fdcc38f582,2026-09-14 10:54,2026-09-14 10:54
1430,2013,040405004,沉井混凝土底板,I0030129,混凝土,partial_match,88.6,c9131ec1-8a6b-4b9c-a005-404354fab8a6,2026-09-14 10:54,2026-09-14 10:54
3187,2024,040405005,沉井填心,I0030129,混凝土,feature_match,100.0,93a1a48a-0a96-48df-b624-82105baef5c6,2026-09-14 10:54,2026-09-14 10:54
1431,2013,040405006,沉井混凝土隔墙,I0030129,混凝土,partial_match,88.6,d3e8753a-c4a3-4163-a74e-b12e7536e4f2,2026-09-14 10:54,2026-09-14 10:54
3190,2024,040406001,现浇混凝土地梁,I0030129,混凝土,partial_match,88.6,f3c96345-1d25-4b84-a116-a7ada768827f,2026-09-14 10:54,2026-09-14 10:54
3191,2024,040406002,现浇混凝土底板,I0030129,混凝土,partial_match,88.6,8724e298-e9d7-4cb6-9404-1412fa6eb24a,2026-09-14 10:54,2026-09-14 10:54
3192,2024,040406003,现浇混凝土柱,I0030129,混凝土,partial_match,90.0,e450eb16-50db-4801-812e-3813fb3ffa66,2026-09-14 10:54,2026-09-14 10:54
3193,2024,040406004,现浇混凝土墙,I0030129,混凝土,partial_match,90.0,d5e2839e-9660-463b-99d1-753cfb8ef6db,2026-09-14 10:54,2026-09-14 10:54
3194,2024,040406005,现浇混凝土梁,I0030129,混凝土,partial_match,90.0,85a090e6-794e-462f-9b9b-029876c0922e,2026-09-14 10:54,2026-09-14 10:54
3195,2024,040406006,现浇混凝土平台、顶板,I0030129,混凝土,partial_match,86.0,179a07b6-6af6-4f98-b439-629ebe0bcc74,2026-09-14 10:54,2026-09-14 10:54
3196,2024,040406007,隧道内现浇架空路面,I0030129,混凝土,feature_match,100.0,c97fbf5e-4628-402d-b1ff-c2faa0765b78,2026-09-14 10:54,2026-09-14 10:54
3197,2024,040406008,隧道内现浇其他结构混凝土,I0030129,混凝土,partial_match,85.0,a85ea2b5-f78e-4eb1-87e8-3aec57ab1f20,2026-09-14 10:54,2026-09-14 10:54
3198,2024,040406009,预制混凝土“”型构件,I0030129,混凝土,partial_match,86.0,40e2ae84-4b44-45b1-960e-e09798c48a60,2026-09-14 10:54,2026-09-14 10:54
3199,2024,040406010,预制混凝土“口”型件,I0030129,混凝土,partial_match,86.0,688d6511-d0fd-4082-89df-ddea8e540bce,2026-09-14 10:54,2026-09-14 10:54
3200,2024,040406011,预制混凝土柱,I0030129,混凝土,partial_match,90.0,3865f992-f74c-4e6b-9166-3268d1374f31,2026-09-14 10:54,2026-09-14 10:54
3201,2024,040406012,预制混凝土墙,I0030129,混凝土,partial_match,90.0,2786a9bd-09c1-47f0-9891-ebbded34c1dc,2026-09-14 10:54,2026-09-14 10:54
3202,2024,040406013,预制混凝土平台、顶板,I0030129,混凝土,partial_match,86.0,dbc5ed0d-c57d-4d47-826d-8d707cdc4f2a,2026-09-14 10:54,2026-09-14 10:54
3203,2024,040406014,隧道内预制其他结构混凝土,I0030129,混凝土,partial_match,85.0,5ab54fdb-21b1-4ef2-941f-ee29b153963c,2026-09-14 10:54,2026-09-14 10:54
3204,2024,040406015,后浇混凝土,I0030129,混凝土,partial_match,92.0,05d446c2-50fc-4cc6-893e-bb53552e86d9,2026-09-14 10:54,2026-09-14 10:54
1435,2013,040407001,混凝土地梁,I0030129,混凝土,partial_match,92.0,97029c91-39e2-4930-91ee-edbb023841b5,2026-09-14 10:54,2026-09-14 10:54
1436,2013,040407002,混凝土底板,I0030129,混凝土,partial_match,92.0,d2059fc8-99e0-4192-8ba0-7f7e4f7de688,2026-09-14 10:54,2026-09-14 10:54
1437,2013,040407003,混凝土柱,I0030129,混凝土,partial_match,95.0,5781bf91-f7c9-4ab7-88d2-4722f1af2c00,2026-09-14 10:54,2026-09-14 10:54
1438,2013,040407004,混凝土墙,I0030129,混凝土,partial_match,95.0,dbbc5c6e-41f6-4e1d-96dd-90114e752bf6,2026-09-14 10:54,2026-09-14 10:54
1439,2013,040407005,混凝土梁,I0030129,混凝土,partial_match,95.0,ba9184e4-9552-4620-9f16-b133b8b2ad4e,2026-09-14 10:54,2026-09-14 10:54
1440,2013,040407006,混凝土平台、顶板,I0030129,混凝土,partial_match,87.5,60b55523-4eff-47fb-bccc-531c379fd265,2026-09-14 10:54,2026-09-14 10:54
1441,2013,040407007,圆隧道内架空路面,I0030129,混凝土,feature_match,100.0,4c4a4dd2-2d78-4ff8-932f-572dbf990af0,2026-09-14 10:54,2026-09-14 10:54
1442,2013,040407008,隧道内其他结构混凝土,I0030129,混凝土,partial_match,86.0,d05bd3bd-540d-457f-9d74-91dab3ad6829,2026-09-14 10:54,2026-09-14 10:54
3213,2024,040407018,钢筋混凝土块沉石,I0030129,混凝土,partial_match,87.5,d519485e-bbbb-40bb-b6cc-3e1db73713f5,2026-09-14 10:54,2026-09-14 10:54
3214,2024,040407019,基槽抛铺碎石,I0060402001,碎石子,fuzzy_name,72.0,36318ed1-f55a-475d-b55b-8d5300735a20,2026-09-14 10:54,2026-09-14 10:54
3215,2024,040407020,沉管管节浮运,I0140601006,单管密闭荧光灯,feature_match,72.0,57f1d68d-5b6a-4af3-95fe-280eea0c32e4,2026-09-14 10:54,2026-09-14 10:54
3216,2024,040407021,管节沉放连接,I0010905031,连接件,fuzzy_name,72.0,e7057a44-6ced-48c5-9c33-2b25e7ba177b,2026-09-14 10:54,2026-09-14 10:54
1443,2013,040408001,预制沉管底垫层,I0020302001,预制板,fuzzy_name,72.0,8182a5ad-9aa6-43d4-9030-b6aad9974f0f,2026-09-14 10:54,2026-09-14 10:54
1444,2013,040408002,预制沉管钢底板,I0020302001,预制板,fuzzy_name,72.0,6decb645-62ce-4a9e-9661-7463d486b585,2026-09-14 10:54,2026-09-14 10:54
1445,2013,040408003,预制沉管混凝土板底,I0030129,混凝土,partial_match,86.7,e106c267-6aee-4e95-acd1-1a8e10d9b781,2026-09-14 10:54,2026-09-14 10:54
1446,2013,040408004,预制沉管混凝土侧墙,I0030129,混凝土,partial_match,86.7,bcb6febf-971f-4a13-8cbc-85c46523a359,2026-09-14 10:54,2026-09-14 10:54
1447,2013,040408005,预制沉管混凝土顶板,I0030129,混凝土,partial_match,86.7,0310812c-0a7f-41e7-9eec-0a304e0ccb3c,2026-09-14 10:54,2026-09-14 10:54
1449,2013,040408015,钢筋混凝土块沉石,I0030129,混凝土,partial_match,87.5,fb549600-8dac-4768-a9d9-10e5460efcc6,2026-09-14 10:54,2026-09-14 10:54
1450,2013,040408016,基槽抛铺碎石,I0060402001,碎石子,fuzzy_name,72.0,6ed367fa-bebd-4f31-87ab-7750cda5a561,2026-09-14 10:54,2026-09-14 10:54
1451,2013,040408017,沉管管节浮运,I0140601006,单管密闭荧光灯,feature_match,72.0,33802270-113f-496d-865d-c1e73fdb29ea,2026-09-14 10:54,2026-09-14 10:54
1452,2013,040408018,管段沉放连接,I0010905031,连接件,fuzzy_name,72.0,134301b6-58a5-48f7-a1d4-d94c57a55a07,2026-09-14 10:54,2026-09-14 10:54
1454,2013,040501001,混凝土管,I0030129,混凝土,partial_match,95.0,a0c78c23-67c1-4749-baf0-d81c3b104336,2026-09-14 10:54,2026-09-14 10:54
3220,2024,040501002,复合管,I0010306007,钢塑复合管,partial_match,87.0,dc7853b0-f88c-48b6-a64e-2964bb67230d,2026-09-14 10:54,2026-09-14 10:54
1456,2013,040501003,铸铁管,I0010503012,铸铁管阀箱,partial_match,87.0,266091a6-b96c-477e-8f1f-fd40c8a6a7c8,2026-09-14 10:54,2026-09-14 10:54
1457,2013,040501004,塑料管,I0120104291,塑料管箍,partial_match,90.0,c17758de-9a34-4dc0-ad20-5e090882a975,2026-09-14 10:54,2026-09-14 10:54
1458,2013,040501005,直埋式预制保温管,I0220210024,保温管,partial_match,87.5,a9b9b081-7bca-426c-be3f-d3673c6fee18,2026-09-14 10:54,2026-09-14 10:54
3224,2024,040501006,直埋式预制保温管,I0220210024,保温管,partial_match,87.5,31a7d3b8-4418-4f38-811b-10860dc05776,2026-09-14 10:54,2026-09-14 10:54
1459,2013,040501007,隧道（沟、管）内管道,I0030129,混凝土,feature_match,100.0,72c83dc1-d361-4a5e-99de-f8e1fe7d3b8f,2026-09-14 10:54,2026-09-14 10:54
3225,2024,040501008,隧道（沟、管）内管道,I0030129,混凝土,feature_match,100.0,1ba0790f-84af-407e-b8be-88c1973330f0,2026-09-14 10:54,2026-09-14 10:54
1461,2013,040501010,顶（夯）管工作坑,I0030129,混凝土,feature_match,100.0,49483b82-9c60-44ec-b687-12bab9326780,2026-09-14 10:54,2026-09-14 10:54
1462,2013,040501011,预制混凝土工作坑,I0030129,混凝土,partial_match,87.5,5291304c-a7fb-40d5-93fe-e4f377dd3a3c,2026-09-14 10:54,2026-09-14 10:54
3228,2024,040501014,新旧管连接,I0010905031,连接件,fuzzy_name,72.0,27f44d3e-c2d7-45bb-94cf-785047435188,2026-09-14 10:54,2026-09-14 10:54
1463,2013,040501015,新旧管连接,I0010905031,连接件,fuzzy_name,72.0,a67dca2f-5aff-4f4f-ab14-43313b9b9ad7,2026-09-14 10:54,2026-09-14 10:54
3230,2024,040501016,砌体方沟,I0030129,混凝土,feature_match,100.0,438d4c83-5e4d-45b5-a728-cc46dd87716f,2026-09-14 10:54,2026-09-14 10:54
1465,2013,040501017,砌筑方沟,I0030129,混凝土,feature_match,100.0,bd9ba9ae-6344-4436-9c06-e0ed5b8dd159,2026-09-14 10:54,2026-09-14 10:54
1466,2013,040501018,混凝土方沟,I0030129,混凝土,partial_match,92.0,d29d3d34-31ca-4fb6-9ca1-eb82c5340ca3,2026-09-14 10:54,2026-09-14 10:54
1467,2013,040501019,砌筑渠道,I0030129,混凝土,feature_match,100.0,1250c5fe-343e-47b3-9ff2-c5a565cb914d,2026-09-14 10:54,2026-09-14 10:54
1468,2013,040501020,混凝土渠道,I0030129,混凝土,partial_match,92.0,175799a8-cdbb-4415-ae97-31522704a717,2026-09-14 10:54,2026-09-14 10:54
1469,2013,040501021,警示（示踪）带铺设,I0140609010,警示灯,fuzzy_name,72.0,8a28b0eb-585b-4047-960d-92c1ef441f5f,2026-09-14 10:54,2026-09-14 10:54
3236,2024,040501022,警示桩、警示牌,I0140609010,警示灯,fuzzy_name,72.0,d334c621-c4e8-4dbe-b31e-25d6783d59a5,2026-09-14 10:54,2026-09-14 10:54
3237,2024,040501023,封闭式钻孔连接,I0010905031,连接件,fuzzy_name,72.0,d652e2f9-7444-4cf2-8984-a172361f4a75,2026-09-14 10:54,2026-09-14 10:54
3238,2024,040501024,安装连接器连接,I0010905031,连接件,fuzzy_name,72.0,d23470f4-f4ce-40a5-b187-dc175dcb9739,2026-09-14 10:54,2026-09-14 10:54
1470,2013,040502001,铸铁管管件,I0010502209,柔性抗震铸铁管件-T三通,fuzzy_name,72.0,b30c7d1f-e82e-4910-a19f-7108f4d458e5,2026-09-14 10:54,2026-09-14 10:54
1472,2013,040502003,塑料管管件,I0120104256,塑料水管配件,fuzzy_name,72.7,39523add-f910-494b-aa6f-5e0f9442f662,2026-09-14 10:54,2026-09-14 10:54
1473,2013,040502004,转换件,I0090101206,转接件,fuzzy_name,66.7,bcf5d14e-d598-4a4b-ac00-184aa0cdef45,2026-09-14 10:54,2026-09-14 10:54
1474,2013,040502005,阀门,I0171701005,不锈钢阀门,partial_match,83.0,45753d77-163f-4a54-90b2-00739b1ebbcf,2026-09-14 10:54,2026-09-14 10:54
1476,2013,040502007,盲堵板制作、安装,I0190701002,安装片,fuzzy_name,72.0,7a2d3d16-4676-430e-85d4-fe19dd1acb5b,2026-09-14 10:54,2026-09-14 10:54
1479,2013,040502010,消火栓,I0140206084,消火栓主泵,partial_match,87.0,2a0e1bee-ca16-4813-a702-f771739815c0,2026-09-14 10:54,2026-09-14 10:54
1480,2013,040502011,补偿器（波纹管）,I0180202005,波纹管,partial_match,87.5,0fe9d00d-d1d4-4d67-ba39-da4260626934,2026-09-14 10:54,2026-09-14 10:54
1481,2013,040502012,除污器组成、安装,I0240101005,除污器,partial_match,87.5,a113707d-a572-4cc5-8ef1-d54e15b3dbdd,2026-09-14 10:54,2026-09-14 10:54
1482,2013,040502013,凝水缸,I0120104175,PE热熔凝水缸,partial_match,83.6,e031b95e-da45-4201-bb1b-ddacb0ab3c93,2026-09-14 10:54,2026-09-14 10:54
1483,2013,040502014,调压器,I0140203001,防爆安全变压器,fuzzy_name,72.0,ec39a3d1-331c-42e3-a6ce-5e34175b18f4,2026-09-14 10:54,2026-09-14 10:54
1484,2013,040502015,过滤器,I0180205049,过滤器,exact_name,100.0,6c102277-93cc-4e8f-877b-c91207a6e1c2,2026-09-14 10:54,2026-09-14 10:54
1485,2013,040502016,分离器,I0280807003,分离式液压起顶机,fuzzy_name,72.0,b62b109c-0bb0-483b-b8c6-773b67d50648,2026-09-14 10:54,2026-09-14 10:54
1488,2013,040503001,砌筑支墩,I0030129,混凝土,feature_match,100.0,ccba91b1-1e13-480e-a3a7-83524283d9aa,2026-09-14 10:54,2026-09-14 10:54
1489,2013,040503002,混凝土支墩,I0030129,混凝土,partial_match,92.0,bbe940c0-af3f-4a24-b319-8179fe451ccb,2026-09-14 10:54,2026-09-14 10:54
3260,2024,040503003,预制混凝土支墩,I0030129,混凝土,partial_match,88.6,bcddcbba-f9a9-40c2-bc4d-280577a83aa3,2026-09-14 10:54,2026-09-14 10:54
1491,2013,040503004,金属吊架制作、安装,I0190701002,安装片,fuzzy_name,72.0,3c978cb3-8a62-4709-b9a8-45fa09e9b944,2026-09-14 10:54,2026-09-14 10:54
1493,2013,040504002,混凝土井,I0030129,混凝土,partial_match,95.0,c8572a60-4c5a-4ce0-95a4-96e66586f181,2026-09-14 10:54,2026-09-14 10:54
1494,2013,040504003,塑料检查井,I0350101142,塑料布,fuzzy_name,72.0,35720a41-6c8d-4d1a-8f2a-7d452bc1abac,2026-09-14 10:54,2026-09-14 10:54
3265,2024,040504004,模块化井,I0350101113,模块化涡旋式变水流量风冷冷水机组,fuzzy_name,77.1,f76258b3-5552-4db6-bc05-982effdcf4b3,2026-09-14 10:54,2026-09-14 10:54
1496,2013,040504005,预制混凝土井筒,I0030129,混凝土,partial_match,88.6,94b9a615-a1e1-4a2c-a0e1-4699a63f6e9b,2026-09-14 10:54,2026-09-14 10:54
3267,2024,040504006,预制混凝土井筒,I0030129,混凝土,partial_match,88.6,997152bf-48a8-4ea0-9a9c-f0831cc21318,2026-09-14 10:54,2026-09-14 10:54
1498,2013,040504007,混凝土出水口,I0030129,混凝土,partial_match,90.0,82e2a5cb-c4ce-4812-9a14-9178785eacd5,2026-09-14 10:54,2026-09-14 10:54
1499,2013,040504008,整体化粪池,I0300401022,化粪池盖,fuzzy_name,66.7,c38bbf6a-7df1-46d9-a837-2163682347f0,2026-09-14 10:54,2026-09-14 10:54
3270,2024,040504009,整体化粪池,I0300401022,化粪池盖,fuzzy_name,66.7,de6881e0-b21f-4eb9-99c9-372bcae5c1f3,2026-09-14 10:54,2026-09-14 10:54
1501,2013,040601001,现浇混凝土沉井井壁及隔墙,I0030129,混凝土,partial_match,85.0,8a5b1e2b-2c9c-40b3-ac63-84c904ec1bef,2026-09-14 10:54,2026-09-14 10:54
1502,2013,040601003,沉井混凝土底板,I0030129,混凝土,partial_match,88.6,b77e6865-3436-4f16-ba91-c7c2de4b49fc,2026-09-14 10:54,2026-09-14 10:54
1503,2013,040601004,沉井内地下混凝土结构,I0030129,混凝土,partial_match,86.0,9e3f529f-c513-4ac1-8af1-6776728c0020,2026-09-14 10:54,2026-09-14 10:54
1504,2013,040601005,沉井混凝土顶板,I0030129,混凝土,partial_match,88.6,b5e882dd-324f-4272-868c-a48a6c03c07b,2026-09-14 10:54,2026-09-14 10:54
1505,2013,040601006,现浇混凝土池底,I0030129,混凝土,partial_match,88.6,7d16136a-e59e-4bb9-b697-a6bf4e6b1d76,2026-09-14 10:54,2026-09-14 10:54
1506,2013,040601007,"现浇混凝土池壁
（隔墙）",I0030129,混凝土,partial_match,85.0,31873c66-35c4-448e-b9c8-676db8f69dd2,2026-09-14 10:54,2026-09-14 10:54
1507,2013,040601008,现浇混凝土池柱,I0030129,混凝土,partial_match,88.6,4cdc4383-e33c-41ae-9213-398ea8a2c14e,2026-09-14 10:54,2026-09-14 10:54
1508,2013,040601009,现浇混凝土池梁,I0030129,混凝土,partial_match,88.6,752ac02a-2004-4158-a463-8d1cb1e808ef,2026-09-14 10:54,2026-09-14 10:54
1509,2013,040601010,"现浇混凝土池盖
板",I0030129,混凝土,partial_match,86.7,3c113f8d-b6d8-454a-b4e2-d44b216126c8,2026-09-14 10:54,2026-09-14 10:54
1510,2013,040601011,现浇混凝土板,I0030129,混凝土,partial_match,90.0,ca955b83-8db6-4c28-aa57-3e48c21a4d51,2026-09-14 10:54,2026-09-14 10:54
1511,2013,040601012,池槽,I0030129,混凝土,feature_match,100.0,e3ce9441-3b71-4013-b628-6de21a2877c6,2026-09-14 10:54,2026-09-14 10:54
3283,2024,040601013,混凝土传力带,I0030129,混凝土,partial_match,90.0,2299ad07-5f5b-4b45-ae9f-b6ed978f2d56,2026-09-14 10:54,2026-09-14 10:54
1513,2013,040601014,混凝土导流壁、筒,I0030129,混凝土,partial_match,87.5,8ecb4da9-22d9-438f-bd1b-7ea1303f7987,2026-09-14 10:54,2026-09-14 10:54
1514,2013,040601015,混凝土楼梯,I0030129,混凝土,partial_match,92.0,a0368b0c-eb2d-4896-9703-beef11268c1d,2026-09-14 10:54,2026-09-14 10:54
1516,2013,040601017,其他现浇混凝土构件,I0030129,混凝土,partial_match,86.7,b778533d-5ef3-414c-ba2e-2002feb324bf,2026-09-14 10:54,2026-09-14 10:54
1517,2013,040601018,预制混凝凝土板,I0020302001,预制板,fuzzy_name,72.0,a1e7668c-7448-4e65-b214-3e4667cef67c,2026-09-14 10:54,2026-09-14 10:54
1518,2013,040601019,预制混凝土槽,I0030129,混凝土,partial_match,90.0,c2eacf73-60ae-4f8d-9985-e9008b02b0c1,2026-09-14 10:54,2026-09-14 10:54
1519,2013,040601020,预制混凝土支墩,I0030129,混凝土,partial_match,88.6,3a72f832-6198-42f7-ace5-511676cbfcd1,2026-09-14 10:54,2026-09-14 10:54
1520,2013,040601021,其他预制混凝土构件,I0030129,混凝土,partial_match,86.7,fca4c762-50b3-43ee-ae2d-48fc02875c10,2026-09-14 10:54,2026-09-14 10:54
3292,2024,040601022,预制混凝土槽,I0030129,混凝土,partial_match,90.0,bb76bdba-dda4-4fb8-9b06-46ae3144dd04,2026-09-14 10:54,2026-09-14 10:54
1522,2013,040601023,折板,I0260209004,阻性折板式消声器,partial_match,80.0,90b7747e-e959-4508-ae91-24ef9667c5ec,2026-09-14 10:54,2026-09-14 10:54
3294,2024,040601024,其他预制混凝土构件,I0030129,混凝土,partial_match,86.7,12674614-c6bf-44bb-8087-329fbd913680,2026-09-14 10:54,2026-09-14 10:54
3295,2024,040601026,折板,I0260209004,阻性折板式消声器,partial_match,80.0,c969a206-9cdc-44e1-93fa-7b93ef84a69b,2026-09-14 10:54,2026-09-14 10:54
1524,2013,040601027,刚性防水,I0360301089,刚性防水套管A型,partial_match,85.0,473c3696-24f5-41e3-9943-abb331414251,2026-09-14 10:54,2026-09-14 10:54
1525,2013,040601028,柔性防水,I0180208367,柔性防水套管,partial_match,88.3,64e01a54-7486-4133-a1a2-3d1d74412074,2026-09-14 10:54,2026-09-14 10:54
3297,2024,040601030,刚性防水,I0360301089,刚性防水套管A型,partial_match,85.0,1c65a597-9d18-4736-87a8-380c17d44123,2026-09-14 10:54,2026-09-14 10:54
3298,2024,040601031,柔性防水,I0180208367,柔性防水套管,partial_match,88.3,baff4ca5-e4ff-41d6-a6a6-d41933d45986,2026-09-14 10:54,2026-09-14 10:54
3299,2024,040601032,变形缝,I0010604023,地面变形缝,partial_match,87.0,ebb517a3-73a9-4e72-b7f6-927053764dd1,2026-09-14 10:54,2026-09-14 10:54
1526,2013,040602001,格栅,I0140611051,格栅灯,partial_match,88.3,8babf2ab-137d-4beb-bd35-d8b5ac42b72e,2026-09-14 10:54,2026-09-14 10:54
1527,2013,040602002,格栅除污机,I0140611051,格栅灯,fuzzy_name,72.0,8ca0ded5-4a0f-47e0-b240-ffcd613bb6d7,2026-09-14 10:54,2026-09-14 10:54
1528,2013,040602004,压榨机,I0350101043,调速喷油螺杆空压机,fuzzy_name,72.0,26a4efbf-9207-4bda-84bf-8a7f31f3503c,2026-09-14 10:54,2026-09-14 10:54
1529,2013,040602005,刮砂机,I0280309003,砂浆机,fuzzy_name,66.7,11ee7ed7-c1ec-45ba-ade0-42ef89ee7067,2026-09-14 10:54,2026-09-14 10:54
1530,2013,040602006,吸砂机,I0280309003,砂浆机,fuzzy_name,66.7,f27506aa-5049-48e0-a36b-6164f47e4227,2026-09-14 10:54,2026-09-14 10:54
3304,2024,040602007,吸砂机,I0280309003,砂浆机,fuzzy_name,66.7,ea6330fa-bba4-4e90-8d0f-5e6c0c790796,2026-09-14 10:54,2026-09-14 10:54
1532,2013,040602012,曝气机,I0260101138,新风换气机,fuzzy_name,72.0,4f191c15-4852-47e7-8474-60914dcc1ce7,2026-09-14 10:54,2026-09-14 10:54
3306,2024,040602013,曝气机,I0260101138,新风换气机,fuzzy_name,72.0,00bc3b75-3333-4463-bf14-b86135e75311,2026-09-14 10:54,2026-09-14 10:54
1533,2013,040602014,布气管,I0010502155,A型H型透气管,fuzzy_name,72.0,e40005df-ad60-4f4c-bda4-fba3084b0dc5,2026-09-14 10:54,2026-09-14 10:54
3307,2024,040602015,布气管,I0010502155,A型H型透气管,fuzzy_name,72.0,cce1623a-404e-467c-9efb-ebb9b7efa47e,2026-09-14 10:54,2026-09-14 10:54
1535,2013,040602017,搅拌机,I0280605015,搅拌机,exact_name,100.0,ad30432e-fd8b-40bd-99a0-eebc8c4dca46,2026-09-14 10:54,2026-09-14 10:54
1536,2013,040602018,推进器,I0240101046,进水器,fuzzy_name,66.7,78d965cc-c323-439a-ba6b-42f3ba887c99,2026-09-14 10:54,2026-09-14 10:54
3310,2024,040602019,推进器,I0240101046,进水器,fuzzy_name,66.7,8eaf8168-970a-4cf9-ac1d-543c29615adb,2026-09-14 10:54,2026-09-14 10:54
3311,2024,040602020,搅拌器,I0350101333,旋喷搅拌器,partial_match,87.0,f73ef1c2-0b50-4dcb-888d-9056cee1f960,2026-09-14 10:54,2026-09-14 10:54
3312,2024,040602022,加药制备装置,I0350101254,加药装置,fuzzy_name,80.0,fc1ae159-3d67-456b-8042-e1f7b1a2967d,2026-09-14 10:54,2026-09-14 10:54
1538,2013,040602023,管式混合器,I0160401008,压力储罐式泡沫比例混合器,fuzzy_name,67.5,1df4f9f0-dd3e-438e-8b58-7934872fbbed,2026-09-14 10:54,2026-09-14 10:54
3313,2024,040602025,空气压缩机,I0260101089,无油螺杆空气压缩机,partial_match,86.1,14a5cf20-792a-4539-b950-9913f46d2960,2026-09-14 10:54,2026-09-14 10:54
3315,2024,040602027,管式混合器,I0160401008,压力储罐式泡沫比例混合器,fuzzy_name,67.5,784746bb-8748-420f-b8b2-7d6b699abd52,2026-09-14 10:54,2026-09-14 10:54
1540,2013,040602029,污泥输送机,I0260101098,送风机,fuzzy_name,72.0,cb05a3b0-aaa0-4c0e-8b89-53d5a9f0141d,2026-09-14 10:54,2026-09-14 10:54
1541,2013,040602030,污泥切割机,I0280702005,切割机,partial_match,92.0,241216fa-0d89-45e2-8f4e-0d2e90ba3712,2026-09-14 10:54,2026-09-14 10:54
1543,2013,040602032,旋转门,I0150201015,自动旋转门,partial_match,87.0,bca559e5-76d1-4f85-a4ed-c7064da2feb4,2026-09-14 10:54,2026-09-14 10:54
3318,2024,040602033,污泥切割机,I0280702005,切割机,partial_match,92.0,4aabe7bb-ef88-403f-83c6-d75b5e2ecfbc,2026-09-14 10:54,2026-09-14 10:54
3320,2024,040602035,旋转门,I0150201015,自动旋转门,partial_match,87.0,c0a11c0d-6597-462f-ad9a-f593972992c9,2026-09-14 10:54,2026-09-14 10:54
1547,2013,040602042,紫外线消毒设备,I0350101202,紫外线消毒器,fuzzy_name,76.9,09047061-ea7c-40c3-b77a-10fa093e8f1d,2026-09-14 10:54,2026-09-14 10:54
1548,2013,040602045,膜处理设备,I0350101116,凝结水回收精处理设备,fuzzy_name,80.0,19c1cc7a-64f7-4ccb-bc9f-b0066bc1ddeb,2026-09-14 10:54,2026-09-14 10:54
3324,2024,040602047,紫外线消毒设备,I0350101202,紫外线消毒器,fuzzy_name,76.9,4c1c7973-d831-4db2-baf8-0be2900e72fc,2026-09-14 10:54,2026-09-14 10:54
3325,2024,040602050,膜处理设备,I0350101116,凝结水回收精处理设备,fuzzy_name,80.0,44890c80-a67f-4595-b30f-cef0e64d274a,2026-09-14 10:54,2026-09-14 10:54
3327,2024,040602053,一体化泵站,I0210108001,一体化温度变送器,fuzzy_name,67.5,e6950ecf-6eed-4600-b5d5-59ae47bbf218,2026-09-14 10:54,2026-09-14 10:54
1550,2013,040701002,垃圾坝,I0120207028,垃圾桶,fuzzy_name,66.7,39156745-e01d-47f4-b206-58f0e6b06643,2026-09-14 10:54,2026-09-14 10:54
1551,2013,040701003,边坡喷细石混凝土,I0030201,细石混凝土,partial_match,92.5,ef41b032-48fe-4588-97b4-70eb16737ea3,2026-09-14 10:54,2026-09-14 10:54
3329,2024,040701004,混凝土坝,I0030129,混凝土,partial_match,95.0,40465a03-4613-49a7-8cfc-5a55abc9ce80,2026-09-14 10:54,2026-09-14 10:54
1552,2013,040701005,"高密度聚乙烯
（HDPD）膜",I0080203002,高密度板,fuzzy_name,77.1,b3ca7f1b-6b69-4924-a5d6-69affb111c87,2026-09-14 10:54,2026-09-14 10:54
1553,2013,040701007,土工布（网）,I0120207026,土工布,partial_match,90.0,a5c333f5-c762-4022-87af-f2bf418b1622,2026-09-14 10:54,2026-09-14 10:54
1555,2013,040701011,"高密度聚乙烯
（HDPD）穿孔管铺设",I0080203002,高密度板,fuzzy_name,77.1,c46fb602-c1f3-46b2-9281-8aa7e1b8b9a5,2026-09-14 10:54,2026-09-14 10:54
3333,2024,040701013,导气石笼井,I0010502155,A型H型透气管,feature_match,72.0,29443096-29c3-42f0-978a-0df57b82b396,2026-09-14 10:54,2026-09-14 10:54
1556,2013,040701014,导气石笼,I0010502155,A型H型透气管,feature_match,72.0,7bdd22fc-00de-45b6-ae42-e307f5026204,2026-09-14 10:54,2026-09-14 10:54
3335,2024,040701015,填埋气体处理系统,I0350101163,尾气处理系统,fuzzy_name,71.4,c89d9206-8d69-448c-83ca-fda1afdd030f,2026-09-14 10:54,2026-09-14 10:54
1557,2013,040701020,防风网,I0290203069,防虫网,fuzzy_name,66.7,7e657401-91f2-47b2-b8db-53c4586d89fd,2026-09-14 10:54,2026-09-14 10:54
1558,2013,040701021,垃圾压缩设备,I0120207028,垃圾桶,fuzzy_name,72.0,7582dbef-a3ea-4dde-8907-6f046f5a9c89,2026-09-14 10:54,2026-09-14 10:54
3338,2024,040701022,垃圾压缩设备,I0120207028,垃圾桶,fuzzy_name,72.0,ca6884a4-fc83-4534-80a9-9d371e2fbd7f,2026-09-14 10:54,2026-09-14 10:54
1559,2013,040702001,汽车衡,I0281001026,电子汽车衡,partial_match,87.0,03d6a280-50c8-4689-8cfc-c2c7e5e6806d,2026-09-14 10:54,2026-09-14 10:54
1560,2013,040702002,自动感应洗车装置,I0150201009,自动门,fuzzy_name,72.0,ee7d0911-cf3c-417b-aa27-57dcca997361,2026-09-14 10:54,2026-09-14 10:54
3341,2024,040702003,垃圾破碎机,I0120207028,垃圾桶,fuzzy_name,72.0,f0d191ab-41cb-4035-97a3-c01183573e79,2026-09-14 10:54,2026-09-14 10:54
1562,2013,040702005,垃圾抓斗起重机,I0120207028,垃圾桶,fuzzy_name,72.0,ca005287-ccfb-4bd6-b73b-8469d7ea92f3,2026-09-14 10:54,2026-09-14 10:54
3344,2024,040702009,原液罐,I0070107015,PARATEX自闭树脂涂膜原液,fuzzy_name,72.0,b74a6523-205a-45b9-aa8f-64dbf8007851,2026-09-14 10:54,2026-09-14 10:54
3345,2024,040702011,液压装置,I0180208322,消火栓、自喷稳压装置,fuzzy_name,77.1,5991219e-f666-4e36-95e0-0c46600d394c,2026-09-14 10:54,2026-09-14 10:54
3347,2024,040702014,油过滤器,I0180205049,过滤器,partial_match,95.0,e1aab8e3-f660-4546-a0c5-2c267afe2bdc,2026-09-14 10:54,2026-09-14 10:54
3348,2024,040702015,阻火呼吸阀,I0180208007,防爆阻火呼吸阀,partial_match,89.3,9ca5e070-4b7d-4ccd-9e2c-35db08891068,2026-09-14 10:54,2026-09-14 10:54
3350,2024,040702020,换热器,I0180208277,换热器,exact_name,100.0,21f09c48-7e3a-4480-b907-d7a145001d9f,2026-09-14 10:54,2026-09-14 10:54
3351,2024,040702021,烟气酸性污染物去除净化处理设备,I0180208371,臭氧水处理设备,fuzzy_name,65.5,5d1274aa-5cb3-4c38-8cca-63f0b26e313e,2026-09-14 10:54,2026-09-14 10:54
3352,2024,040702022,加药装置,I0350101254,加药装置,exact_name,100.0,c6ab85c0-5467-4780-a1d7-5bfb9eb6f0a4,2026-09-14 10:54,2026-09-14 10:54
3353,2024,040702024,干灰散装机,I0320105004,装订机,fuzzy_name,72.0,2a6d0e5b-11ec-45c4-99f5-1c38df5f928d,2026-09-14 10:54,2026-09-14 10:54
3354,2024,040702028,车辆感应器,I0240101117,科马小便斗感应器,fuzzy_name,67.5,fac159e8-8b5c-4cdc-ae66-d73845b2e152,2026-09-14 10:54,2026-09-14 10:54
3355,2024,040702029,自动感应洗车装置,I0150201009,自动门,fuzzy_name,72.0,225f94db-16cf-4638-9a29-fdc3ee90f5f3,2026-09-14 10:54,2026-09-14 10:54
1563,2013,040801001,杆上变压器,I0140203002,变压器,partial_match,92.0,93632265-df89-4b41-8edd-a4bc00a1e918,2026-09-14 10:54,2026-09-14 10:54
1564,2013,040801002,地上变压器,I0140203002,变压器,partial_match,92.0,7fa90ab0-d71d-4452-b06a-352180d2588d,2026-09-14 10:54,2026-09-14 10:54
1565,2013,040801004,高压成套配电柜,I0140202041,配电柜,partial_match,88.6,aeae5a0b-b301-442f-9290-39205509af45,2026-09-14 10:54,2026-09-14 10:54
1566,2013,040801005,低压成套控制柜,I0180208316,控制柜,partial_match,88.6,03866d9b-6181-4b5b-abb3-6ec5e6d2d41e,2026-09-14 10:54,2026-09-14 10:54
1567,2013,040801006,落地式控制箱,I0171701050,控制箱,partial_match,90.0,3194e3aa-8e20-406d-8115-1828ab651e7a,2026-09-14 10:54,2026-09-14 10:54
1568,2013,040801007,杆上控制箱,I0171701050,控制箱,partial_match,92.0,ba0b8c2c-c198-4152-bb99-17d6e72d08aa,2026-09-14 10:54,2026-09-14 10:54
1569,2013,040801008,杆上配电箱,I0140202016,配电箱,partial_match,92.0,2af57bdf-757f-4903-b9d8-53c7bbcf7de2,2026-09-14 10:54,2026-09-14 10:54
1570,2013,040801009,落地式配电箱,I0140202016,配电箱,partial_match,90.0,c97ea2ab-e6c5-4068-b328-7d81685df6a4,2026-09-14 10:54,2026-09-14 10:54
1571,2013,040801010,悬挂嵌入式配电箱,I0140202016,配电箱,partial_match,87.5,47e8a944-abaf-48e7-87aa-2724e9d00077,2026-09-14 10:54,2026-09-14 10:54
1572,2013,040801011,控制屏,I0140202039,控制箱 风机控制箱,fuzzy_name,72.0,3b79edfe-1f3c-460b-9b02-b2754d3bad28,2026-09-14 10:54,2026-09-14 10:54
3369,2024,040801015,控制台,I0350101309,自定义网络寻呼控制台,partial_match,81.0,bb54e25d-25d0-412b-be76-05bd82043b0c,2026-09-14 10:54,2026-09-14 10:54
1577,2013,040801016,控制台,I0350101309,自定义网络寻呼控制台,partial_match,81.0,9a0d22fe-df82-4007-8435-7028efd1c467,2026-09-14 10:54,2026-09-14 10:54
3371,2024,040801017,跌落式熔断器,I0140101008,熔断器,partial_match,90.0,56c209f4-51d9-4cdf-847c-1824401bbc2d,2026-09-14 10:54,2026-09-14 10:54
1579,2013,040801018,跌落式熔断器,I0140101008,熔断器,partial_match,90.0,f5e672af-3c0f-4734-8315-c235aba6b9eb,2026-09-14 10:54,2026-09-14 10:54
1580,2013,040801019,避雷器,I0140103001,避雷器,exact_name,100.0,5816288e-f5bc-4fbd-82c3-5297e855985c,2026-09-14 10:54,2026-09-14 10:54
1581,2013,040801020,低压熔断器,I0140101008,熔断器,partial_match,92.0,9363042c-356a-4033-b7c9-16955c9f304e,2026-09-14 10:54,2026-09-14 10:54
1582,2013,040801021,隔离开关,I0140301113,隔离开关,exact_name,100.0,592cd206-206b-49de-ae7d-7f2c00f4142d,2026-09-14 10:54,2026-09-14 10:54
1583,2013,040801022,负荷开关,I0140202098,负荷开关箱,partial_match,91.0,e106bc77-175a-40cc-b0d6-a3beb25a5235,2026-09-14 10:54,2026-09-14 10:54
1584,2013,040801023,真空断路器,I0140206029,断路器,partial_match,92.0,e1ec996e-52f2-43a9-8fed-dccc8d6476ae,2026-09-14 10:54,2026-09-14 10:54
1585,2013,040801024,限位开关,I0140301093,限位开关,exact_name,100.0,81ca1b69-34f4-42d4-8078-481f13219d2b,2026-09-14 10:54,2026-09-14 10:54
1586,2013,040801025,控制器,I0260101095,控制器,exact_name,100.0,063dbd7a-1eda-4c4d-8f56-427a7d33b7ed,2026-09-14 10:54,2026-09-14 10:54
1587,2013,040801026,接触器,I0140301115,交流接触器,partial_match,87.0,bbf0fbfc-1289-48e2-bdf4-a0012c706349,2026-09-14 10:54,2026-09-14 10:54
1588,2013,040801027,磁力启动器,I0140206005,磁力启动器,exact_name,100.0,97973a74-efc9-4596-b7ab-5b1b658f2ce8,2026-09-14 10:54,2026-09-14 10:54
1589,2013,040801028,分流器,I0311301032,导线分流器,partial_match,87.0,15fc9428-34fa-4a02-8934-14212baf9e71,2026-09-14 10:54,2026-09-14 10:54
1590,2013,040801029,小电器,I0140206006,反时限过流继电器,fuzzy_name,72.0,26697415-787c-4e3f-9ee9-0d8cb502a745,2026-09-14 10:54,2026-09-14 10:54
1593,2013,040801034,铁构件开孔,I0190801019,开孔器,fuzzy_name,72.0,84cc8116-5869-4f33-b4f1-09e7e1d1f4d3,2026-09-14 10:54,2026-09-14 10:54
1599,2013,040803004,管道包封,I0030129,混凝土,feature_match,100.0,2e48c2e7-376c-4646-a125-430d8105c261,2026-09-14 10:54,2026-09-14 10:54
1600,2013,040803005,电缆终端头,I0350101449,矿物电缆终端头,partial_match,89.3,db5f6248-824e-4541-8949-26275cd8a98d,2026-09-14 10:54,2026-09-14 10:54
1602,2013,040804001,配管,I0140206058,电气配管,partial_match,85.0,ea0f8202-6fc2-402c-8d48-101dce942a37,2026-09-14 10:54,2026-09-14 10:54
1603,2013,040804002,配线,I0140404002,配线桥架,partial_match,85.0,b81eaee4-82c0-4914-8cb7-9177a601fc01,2026-09-14 10:54,2026-09-14 10:54
1604,2013,040804003,接线箱,I0140612096,防爆接线箱,partial_match,87.0,a939ac9d-cf10-4e4d-bdea-ef9883d8431a,2026-09-14 10:54,2026-09-14 10:54
1605,2013,040804004,接线盒,I0140612101,接线盒,exact_name,100.0,f80b5f17-8b70-4121-9149-aefa6524d57a,2026-09-14 10:54,2026-09-14 10:54
3396,2024,040805001,常规照明灯,I0030129,混凝土,feature_match,100.0,aa2fe3e5-e45e-438a-bdec-1a5cb6513be4,2026-09-14 10:54,2026-09-14 10:54
3397,2024,040805002,半高杆照明灯,I0140602001,高杆灯,fuzzy_name,66.7,4a508cac-f735-4565-8227-6cee7c8a8314,2026-09-14 10:54,2026-09-14 10:54
1609,2013,040805003,高杆照明灯,I0140602001,高杆灯,fuzzy_name,75.0,00173b5b-3f01-48f6-a40c-5cbeef1bd25e,2026-09-14 10:54,2026-09-14 10:54
1611,2013,040806001,接地极,I0010104004,锌包钢接地极,partial_match,85.0,37be486d-bd38-47a5-9992-0f62bc185e63,2026-09-14 10:54,2026-09-14 10:54
1612,2013,040806002,接地母线,I0140801061,接地母线,exact_name,100.0,0e5809dd-be1f-4486-971b-9267b5b3fef2,2026-09-14 10:54,2026-09-14 10:54
1613,2013,040806003,避雷引下线,I0140103001,避雷器,fuzzy_name,72.0,68ecd76b-af2e-4a8b-99f6-8b19761cc3b5,2026-09-14 10:54,2026-09-14 10:54
1614,2013,040806004,避雷针,I0140103001,避雷器,fuzzy_name,66.7,7782897c-eb10-4676-98ee-9e4e235babb2,2026-09-14 10:54,2026-09-14 10:54
1615,2013,040806005,降阻剂,I0040205001,阻锈剂,fuzzy_name,66.7,79930c87-96ad-4844-aec5-a2061c71075a,2026-09-14 10:54,2026-09-14 10:54
1616,2013,040807001,变压器系统调试,I0140203002,变压器,partial_match,88.6,0bc242a9-2efb-401e-8f69-a911a698d935,2026-09-14 10:54,2026-09-14 10:54
3409,2024,040807003,接地装置,I0140206030,防爆防腐插接装置,fuzzy_name,77.1,c2f43453-f986-4f70-81bd-25be9959b35c,2026-09-14 10:54,2026-09-14 10:54
1618,2013,040901001,预埋铁件,I0120104193,预埋件,fuzzy_name,85.7,cde08d69-ff4d-4e1c-8979-80b741f1db08,2026-09-14 10:54,2026-09-14 10:54
3411,2024,040901002,钢筋网片,I0010604010,钢筋网片,exact_name,100.0,8a75dc35-1527-479b-863f-d74b1f9eb9ec,2026-09-14 10:54,2026-09-14 10:54
1620,2013,040901003,钢筋网片,I0010604010,钢筋网片,exact_name,100.0,718c6012-2ddd-45b4-92a4-3eb77c77e5e1,2026-09-14 10:54,2026-09-14 10:54
3413,2024,040901004,先张法预应力钢筋（钢丝、钢绞线）,I0010801003,钢绞线,partial_match,83.8,0e33b7b2-b698-4dae-a825-beb7bae23875,2026-09-14 10:54,2026-09-14 10:54
1622,2013,040901005,"先张法预应力钢筋
（钢丝、钢绞线）",I0010801003,钢绞线,partial_match,83.5,19d6f723-9920-474f-adc7-f6c47866a4ea,2026-09-14 10:54,2026-09-14 10:54
1623,2013,040901006,"后张法预应力钢筋
（钢丝束、钢绞线）",I0010801003,钢绞线,partial_match,83.3,fac74304-160b-4e28-a77e-b9f104e87a5e,2026-09-14 10:54,2026-09-14 10:54
3416,2024,040901007,植筋,I0220208010,植筋胶,partial_match,88.3,c4555a03-4016-4c56-bc23-300be8fdd8e1,2026-09-14 10:54,2026-09-14 10:54
3417,2024,040901008,钢格栅,I0260201022,玻璃钢格栅,partial_match,87.0,8cdffcad-44e9-45d5-a2ea-7f55ba8c6370,2026-09-14 10:54,2026-09-14 10:54
1626,2013,040901009,声测管,I0010306025,超声波检测管,fuzzy_name,72.0,fec51729-aaa5-40f3-a20d-fa8284a4db77,2026-09-14 10:54,2026-09-14 10:54
1627,2013,041001002,拆除人行道,I0130201006,人行道樱花红牙石,fuzzy_name,67.5,dcc130be-a04e-45f7-a792-799afb85402e,2026-09-14 10:54,2026-09-14 10:54
1628,2013,041001007,拆除砖石结构,I0110406,结构胶,fuzzy_name,72.0,36bcc44e-496c-4818-8754-f57c7c467c4a,2026-09-14 10:54,2026-09-14 10:54
1629,2013,041001008,拆除混凝土结构,I0030129,混凝土,partial_match,88.6,4c4fa7f8-b1cd-43f4-93c4-669dd6ff6d2e,2026-09-14 10:54,2026-09-14 10:54
3423,2024,041101001,垫层,I0030129,混凝土,feature_match,100.0,dc18ecc4-fc7c-4e14-abea-7ce96e28702d,2026-09-14 10:54,2026-09-14 10:54
3424,2024,041101002,混凝土底板,I0030129,混凝土,partial_match,92.0,1bdd0a2b-d5df-4f70-9180-55f8f7971924,2026-09-14 10:54,2026-09-14 10:54
3425,2024,041101003,混凝土墙,I0030129,混凝土,partial_match,95.0,8644455e-276c-458a-ac85-ecb0c279fb45,2026-09-14 10:54,2026-09-14 10:54
3426,2024,041101004,混凝土平台、顶板,I0030129,混凝土,partial_match,87.5,1e22ab54-d008-4393-a0f6-a0e3aa22a421,2026-09-14 10:54,2026-09-14 10:54
3427,2024,041101005,混凝土柱,I0030129,混凝土,partial_match,95.0,5e779470-d37a-457d-bc56-5ecb31e5b23a,2026-09-14 10:54,2026-09-14 10:54
3428,2024,041101006,混凝土梁,I0030129,混凝土,partial_match,95.0,dad7cf86-be37-49c5-a71d-b251e5746533,2026-09-14 10:54,2026-09-14 10:54
3429,2024,041101007,管廊内其他结构混凝土,I0030129,混凝土,partial_match,86.0,a6d38b91-9181-40bc-916e-dde77565eaf8,2026-09-14 10:54,2026-09-14 10:54
1632,2013,041101009,已完工程及设备保护,I0140801011,保护套,fuzzy_name,72.0,77edfa6c-7ab4-43c9-8bd7-271e6bc2bcc7,2026-09-14 10:54,2026-09-14 10:54
1633,2013,041101012,行车、行人干扰增加费,I0090101048,加工费,fuzzy_name,72.0,cd579098-7671-45b3-bf86-48f20bcff9e1,2026-09-14 10:54,2026-09-14 10:54
1634,2013,041102001,墙面脚手架,I0250105006,脚手架,partial_match,92.0,a29d9202-9adf-4962-b71c-1d2087e51881,2026-09-14 10:54,2026-09-14 10:54
1635,2013,041102002,柱面脚手架,I0250105006,脚手架,partial_match,92.0,eb8c471b-55d2-4378-b39e-50ace54ec380,2026-09-14 10:54,2026-09-14 10:54
3432,2024,041102003,叠合装配式管廊后浇混凝土,I0030129,混凝土,partial_match,85.0,533b8ea6-4f44-4646-a270-4d6bec3f5ef5,2026-09-14 10:54,2026-09-14 10:54
1636,2013,041102004,沉井脚手架,I0250105006,脚手架,partial_match,92.0,ffea7ea9-3ba6-46c0-b51c-93e7bcaa24db,2026-09-14 10:54,2026-09-14 10:54
3433,2024,041103001,刚性防水,I0360301089,刚性防水套管A型,partial_match,85.0,7d925f0b-086f-4c7d-9783-3bf0463f84bf,2026-09-14 10:54,2026-09-14 10:54
3434,2024,041103002,柔性防水,I0180208367,柔性防水套管,partial_match,88.3,4c50f079-f807-41d9-86fe-c6e68a1f4156,2026-09-14 10:54,2026-09-14 10:54
1637,2013,041103003,承台模板,I0250401018,承台模板,exact_name,100.0,6f230319-dfa1-4e4b-92e7-4d49edeaabf5,2026-09-14 10:54,2026-09-14 10:54
1638,2013,041103004,墩（台）帽模板,I0250402005,木模板,fuzzy_name,72.0,146a1008-dd1c-4c26-8143-85c82e762045,2026-09-14 10:54,2026-09-14 10:54
1639,2013,041103005,墩（台）身模板,I0250401017,墩身模板,fuzzy_name,77.1,3a9a8be2-6513-4975-ae11-ed01acb4b2b4,2026-09-14 10:54,2026-09-14 10:54
1641,2013,041103007,墩（台）盖梁模板,I0250402005,木模板,fuzzy_name,72.0,2bca0103-98bb-4251-81c0-bc8ed7b97bf3,2026-09-14 10:54,2026-09-14 10:54
1642,2013,041103008,拱桥拱座模板,I0250402005,木模板,fuzzy_name,72.0,4c23f669-2728-4897-a7a4-001baa117ec5,2026-09-14 10:54,2026-09-14 10:54
1643,2013,041103009,拱桥拱肋模板,I0250402005,木模板,fuzzy_name,72.0,0f8217d9-a9f5-43f3-b7d4-9bd73ca9f428,2026-09-14 10:54,2026-09-14 10:54
1644,2013,041103010,拱上构件模板,I0250402005,木模板,fuzzy_name,72.0,9779f852-c276-4dc5-a382-78f4710f0db3,2026-09-14 10:54,2026-09-14 10:54
1646,2013,041103013,梁模板,I0250401006,柱状异性模板,fuzzy_name,72.0,a39ec8fe-ca26-4a28-8065-fd3dae2fd1f9,2026-09-14 10:54,2026-09-14 10:54
1647,2013,041103014,板模板,I0250401006,柱状异性模板,fuzzy_name,72.0,1900c4d5-ba1d-486a-aa41-d4f5435b7c08,2026-09-14 10:54,2026-09-14 10:54
1649,2013,041103019,防撞护栏模板,I0250402005,木模板,fuzzy_name,72.0,818f6e9e-9666-4a6a-9b5a-bc27cc7d81c9,2026-09-14 10:54,2026-09-14 10:54
1650,2013,041103021,小型构件模板,I0250402005,木模板,fuzzy_name,72.0,e8f74ba7-f7e6-4fa1-bfef-2318c3bf9ba4,2026-09-14 10:54,2026-09-14 10:54
1651,2013,041103022,箱涵滑（底）板模板,I0250402005,木模板,fuzzy_name,72.0,bff2d14f-733d-42ae-a4d8-66136f204df7,2026-09-14 10:54,2026-09-14 10:54
1652,2013,041103023,箱涵侧墙模板,I0250402005,木模板,fuzzy_name,72.0,dfd368f4-f35d-43a1-855d-d68f71088d60,2026-09-14 10:54,2026-09-14 10:54
1653,2013,041103024,箱涵顶板模板,I0250402005,木模板,fuzzy_name,72.0,e613b53d-b0b8-494b-8c1d-a6e8ba2f0177,2026-09-14 10:54,2026-09-14 10:54
1654,2013,041103025,拱部衬砌模板,I0250402005,木模板,fuzzy_name,72.0,2fbcc875-2539-417a-b1c6-8879de418bd8,2026-09-14 10:54,2026-09-14 10:54
1655,2013,041103026,边墙衬砌模板,I0250402005,木模板,fuzzy_name,72.0,046c2f47-54e1-4959-af28-a08683b7fee9,2026-09-14 10:54,2026-09-14 10:54
1656,2013,041103027,竖井衬砌模板,I0250402005,木模板,fuzzy_name,72.0,913bcd44-5c12-4b68-85d4-b658f806ce68,2026-09-14 10:54,2026-09-14 10:54
1657,2013,041103028,沉井井壁（隔墙）模板,I0250402005,木模板,fuzzy_name,72.0,4e5c906f-a35d-4ca8-bd5f-3aa8e282d915,2026-09-14 10:54,2026-09-14 10:54
1658,2013,041103029,沉井顶板模板,I0250402005,木模板,fuzzy_name,72.0,82107589-3f7d-4d67-888b-d27829738db7,2026-09-14 10:54,2026-09-14 10:54
1659,2013,041103030,沉井底板模板,I0250402005,木模板,fuzzy_name,72.0,b626b2e9-c9e7-4f44-9542-d0c65c6788c5,2026-09-14 10:54,2026-09-14 10:54
1660,2013,041103031,管（渠）道平基模板,I0250402005,木模板,fuzzy_name,72.0,421eacc0-4e14-40e5-98b1-346fab94b5cf,2026-09-14 10:54,2026-09-14 10:54
1662,2013,041103033,井顶（盖）板模板,I0250402005,木模板,fuzzy_name,72.0,2c5f4ca0-9ede-49ec-a501-9ce7cf5f4b54,2026-09-14 10:54,2026-09-14 10:54
1663,2013,041103035,池壁（隔墙）模板,I0250402005,木模板,fuzzy_name,72.0,dc078e7d-29ab-45e4-9380-9e975357d744,2026-09-14 10:54,2026-09-14 10:54
1665,2013,041103037,其他现浇构件模板,I0250402005,木模板,fuzzy_name,72.0,0082bc3c-76c0-481e-b00c-4eb16b513135,2026-09-14 10:54,2026-09-14 10:54
1669,2013,041103041,混凝土喷射平台,I0030129,混凝土,partial_match,88.6,611d40fd-c134-474f-a3fe-c77c1169dc39,2026-09-14 10:54,2026-09-14 10:54
3436,2024,041104001,密封件,I0070302012,密封防火堵料,fuzzy_name,72.0,a64ddd99-e2bc-476b-ab54-6ec08e65f29c,2026-09-14 10:54,2026-09-14 10:54
3438,2024,041201001,脚手架,I0250105006,脚手架,exact_name,100.0,40a35dd1-4cdc-4805-a207-ef364ded3f7b,2026-09-14 10:54,2026-09-14 10:54
3444,2024,041201013,立交箱涵顶进被交线路加固及防护,I0290201007,防护网,fuzzy_name,72.0,7443feb8-e023-42f0-9d01-c01529ec10fa,2026-09-14 10:54,2026-09-14 10:54
3445,2024,041201024,已完工程及设备保护,I0140801011,保护套,fuzzy_name,72.0,790467a0-8cf1-4f3c-b9af-efe3a68d7ea1,2026-09-14 10:54,2026-09-14 10:54
3446,2024,041201025,既有建（构）筑物、设施保护,I0140801011,保护套,fuzzy_name,72.0,b60abba1-e38d-4d6a-a189-8919a53a5e58,2026-09-14 10:54,2026-09-14 10:54
2938,2024,050101006,绿地起坡造型,I0130301012,造型石,fuzzy_name,72.0,3202a9d6-2eed-4849-ac6e-c4bc7866343f,2026-09-14 10:54,2026-09-14 10:54
2939,2024,050101008,栽植设施顶面防水阻根层,I0110201054,地面防水,fuzzy_name,67.5,99073956-3217-41a1-b419-46466f61efde,2026-09-14 10:54,2026-09-14 10:54
1672,2013,050101011,绿地起坡造型,I0130301012,造型石,fuzzy_name,72.0,503d0a62-90c7-4969-be07-7f7bb408a3ab,2026-09-14 10:54,2026-09-14 10:54
2942,2024,050101015,钢索,I0140801067,钢索拉紧装置,partial_match,81.7,cdd1f8d8-89fe-45ae-b863-bea1e0dd54ad,2026-09-14 10:54,2026-09-14 10:54
1675,2013,050103001,喷灌管线安装,I0190701002,安装片,fuzzy_name,72.0,11faca29-6c03-41b1-9dc2-b71dcfab1530,2026-09-14 10:54,2026-09-14 10:54
2949,2024,050104001,绿地灌溉管线安装,I0190701002,安装片,fuzzy_name,72.0,11087f23-6ad7-4a9e-9a67-af62ea0eb1f1,2026-09-14 10:54,2026-09-14 10:54
2951,2024,050104003,绿地灌溉调节控制器安装,I0260101095,控制器,partial_match,85.5,79ae8076-6311-4b84-b61e-aa504fdf7dc9,2026-09-14 10:54,2026-09-14 10:54
2953,2024,050201007,橡塑地面面层,I0220208001,橡塑板,fuzzy_name,72.0,1055350c-1c77-4f6e-a52a-60f2c8c5a41c,2026-09-14 10:54,2026-09-14 10:54
1683,2013,050201008,拱  石制作、安装,I0190701002,安装片,fuzzy_name,72.0,9ffbe35c-cb82-47f0-9387-d03d958f6bf4,2026-09-14 10:54,2026-09-14 10:54
1684,2013,050201009,石  脸制作、安装,I0190701002,安装片,fuzzy_name,72.0,1b1a87dc-6724-44bc-b05e-ff8fbfee4f38,2026-09-14 10:54,2026-09-14 10:54
2955,2024,050201011,路牙,I0130201003,樱花红主路牙石,partial_match,80.7,4c978231-a324-4fdc-ad90-db0af9adbc65,2026-09-14 10:54,2026-09-14 10:54
2956,2024,050201012,排水沟,I0020301004,排水沟瓦,partial_match,90.0,4fecb0bd-5993-4dd7-8407-74ba855aeb8e,2026-09-14 10:54,2026-09-14 10:54
2962,2024,050201020,金刚墙,I0280901017,金刚石切割片,fuzzy_name,72.0,cb0d5129-88dd-4f09-a50c-53a5d202c45f,2026-09-14 10:54,2026-09-14 10:54
2968,2024,050202004,点/散布大卵石,I0130104007,鹅卵石,fuzzy_name,72.0,90a0e0ee-88b0-4e9f-be8a-558b50319533,2026-09-14 10:54,2026-09-14 10:54
2969,2024,050202005,混凝土框格护岸/坡,I0030129,混凝土,partial_match,86.7,6b9e1aec-2372-4350-8c9d-3733fabafc0c,2026-09-14 10:54,2026-09-14 10:54
1696,2013,050301006,池、盆景置石,I0030129,混凝土,feature_match,100.0,a5ae5fc0-459a-4a28-9347-d4b640336cb1,2026-09-14 10:54,2026-09-14 10:54
1697,2013,050301007,"山（卵）石
护角",I0100601002,护角条,fuzzy_name,72.0,e2e98489-9d3a-4a77-aef9-b4a823520e8d,2026-09-14 10:54,2026-09-14 10:54
1699,2013,050303001,草屋面,I0010604024,屋面变形缝,fuzzy_name,72.0,bbc1f8c4-8502-445b-9b05-a86524b02d79,2026-09-14 10:54,2026-09-14 10:54
1700,2013,050303002,竹屋面,I0010604024,屋面变形缝,fuzzy_name,72.0,99a9eabf-8dd3-417f-aa75-026b9f1b3484,2026-09-14 10:54,2026-09-14 10:54
1701,2013,050303004,油毡瓦屋面,I0070104008,油毡瓦,partial_match,92.0,b2983b68-a387-44bb-bcdd-d112e7d987c9,2026-09-14 10:54,2026-09-14 10:54
1702,2013,050303005,预制混凝土穹顶,I0030129,混凝土,partial_match,88.6,6051d11e-d613-43dd-96bc-c263fffacef2,2026-09-14 10:54,2026-09-14 10:54
2983,2024,050303009,木/防腐木屋面,I0100401003,屋面砖,fuzzy_name,72.0,a87ca78e-cc7a-49a9-9c1d-057f0b328f0b,2026-09-14 10:54,2026-09-14 10:54
2984,2024,050303010,膜结构屋面,I0100401003,屋面砖,fuzzy_name,72.0,311d82a8-23d5-4e34-b8ae-d808a3b45080,2026-09-14 10:54,2026-09-14 10:54
1704,2013,050304001,现浇混凝土花架柱、梁,I0030129,混凝土,partial_match,86.0,ad2efbff-9bbb-406c-921a-9df54d5efcad,2026-09-14 10:54,2026-09-14 10:54
1705,2013,050304002,预制混凝土花架柱、梁,I0030129,混凝土,partial_match,86.0,c1f7a7c9-5472-4556-bffa-19d7fb3185d7,2026-09-14 10:54,2026-09-14 10:54
1708,2013,050305001,木制飞来椅,I0080407054,木制柜,fuzzy_name,72.0,d08da3bf-dc11-4867-93e2-4e00cb091fc8,2026-09-14 10:54,2026-09-14 10:54
1709,2013,050305002,预制钢筋混凝土飞来椅,I0030129,混凝土,partial_match,86.0,669c607f-a7d5-4e7d-b171-216f8c574be7,2026-09-14 10:54,2026-09-14 10:54
1710,2013,050305004,水磨石飞来椅,I0100101001,水磨石,partial_match,90.0,6ae19a50-b884-419f-8487-6922818c41bc,2026-09-14 10:54,2026-09-14 10:54
1711,2013,050305005,现浇混凝土桌凳,I0030129,混凝土,partial_match,88.6,2f945333-a329-48f5-8821-0548c49cc9eb,2026-09-14 10:54,2026-09-14 10:54
1712,2013,050305006,预制混凝土桌凳,I0030129,混凝土,partial_match,88.6,837fb205-c9c5-46f3-a9fe-7e9cc5334d3b,2026-09-14 10:54,2026-09-14 10:54
1713,2013,050305007,石桌石凳,I0030129,混凝土,feature_match,100.0,a8977429-a0f6-4c11-99de-b6335ac83788,2026-09-14 10:54,2026-09-14 10:54
1714,2013,050305008,水磨石桌凳,I0100101001,水磨石,partial_match,92.0,01d2d75c-eed3-4506-af92-798b33c9ed34,2026-09-14 10:54,2026-09-14 10:54
1717,2013,050305011,塑料、铁艺、金属椅,I0350101142,塑料布,fuzzy_name,72.0,5c1cba81-4263-4b30-a076-d8ba1ff1b367,2026-09-14 10:54,2026-09-14 10:54
1720,2013,050306004,电气控制柜,I0180208316,控制柜,partial_match,92.0,b5875056-a054-44b4-8bff-3b48c0370031,2026-09-14 10:54,2026-09-14 10:54
2997,2024,050306005,喷泉/雾森设备,I0290201007,防护网,feature_match,100.0,d74a8dd4-9d20-4e88-95fa-f542435e596c,2026-09-14 10:54,2026-09-14 10:54
1721,2013,050307001,石灯,I0140302118,石英灯,fuzzy_name,80.0,5b1f9eec-efec-4814-8eec-943e90ef1dcc,2026-09-14 10:54,2026-09-14 10:54
1726,2013,050307006,铁艺栏杆,I0010601025,铁艺栏杆,exact_name,100.0,38efe09a-ff1d-45c0-8b3e-8ae40266db88,2026-09-14 10:54,2026-09-14 10:54
1728,2013,050307008,钢筋混凝土艺术围栏,I0030129,混凝土,partial_match,86.7,88a21638-08b7-40fb-869b-b695f9febb76,2026-09-14 10:54,2026-09-14 10:54
1729,2013,050307009,标志牌,I0010603076,导向标志牌,partial_match,87.0,a872beda-c70c-40c7-9dcf-abfaef61766b,2026-09-14 10:54,2026-09-14 10:54
1730,2013,050307010,景墙,I0370302006,床背景墙,partial_match,85.0,9d92f792-1354-41d8-a8da-3ef02cad090a,2026-09-14 10:54,2026-09-14 10:54
1732,2013,050307012,花饰,I0010601055,打砂不锈钢天花饰面,partial_match,79.4,83755766-12e2-4ce6-9ace-35162415f1be,2026-09-14 10:54,2026-09-14 10:54
3009,2024,050307013,花饰,I0010601055,打砂不锈钢天花饰面,partial_match,79.4,1fbbd1bc-aacc-42bd-976b-07e5fd5dd876,2026-09-14 10:54,2026-09-14 10:54
1734,2013,050307014,花盆（坛、箱）,I0030129,混凝土,feature_match,100.0,22b93212-355e-4ef6-9642-f17ea2028cb4,2026-09-14 10:54,2026-09-14 10:54
1736,2013,050307016,垃圾箱,I0120207028,垃圾桶,fuzzy_name,66.7,cb985710-0f0c-4c08-8ed5-82fbde98ce78,2026-09-14 10:54,2026-09-14 10:54
3012,2024,050307017,花池,I0030129,混凝土,feature_match,100.0,61363507-a6e7-4c25-bd9f-aa261a637b0d,2026-09-14 10:54,2026-09-14 10:54
1739,2013,050401001,砌筑脚手架,I0250105006,脚手架,partial_match,92.0,890feb34-0fea-447b-aa00-dd39573e9831,2026-09-14 10:54,2026-09-14 10:54
1740,2013,050401002,抹灰脚手架,I0250105006,脚手架,partial_match,92.0,324d5c67-5396-46d7-8bba-0d42e49dbf16,2026-09-14 10:54,2026-09-14 10:54
1741,2013,050401003,亭脚手架,I0250105006,脚手架,partial_match,95.0,5262a55a-07ff-408c-bf32-c83fe3c3fd13,2026-09-14 10:54,2026-09-14 10:54
1742,2013,050401004,满堂脚手架,I0250105006,脚手架,partial_match,92.0,383222ad-48c1-41f3-9823-f5af84cd44e3,2026-09-14 10:54,2026-09-14 10:54
1743,2013,050401005,堆砌(塑)假山脚手架,I0250105006,脚手架,partial_match,86.0,4dd3e1ad-8643-4b16-b9fb-753967d04397,2026-09-14 10:54,2026-09-14 10:54
1744,2013,050401006,桥身脚手架,I0250105006,脚手架,partial_match,92.0,bc32404e-9b10-4dc7-8776-70b1028838f3,2026-09-14 10:54,2026-09-14 10:54
1745,2013,050402001,现浇混凝土垫层,I0030129,混凝土,partial_match,88.6,164fa933-4b1e-40d1-a0b1-d4eb9e663770,2026-09-14 10:54,2026-09-14 10:54
1746,2013,050402002,现浇混凝土路面,I0030129,混凝土,partial_match,88.6,de87c4ed-1539-43f4-9ac4-1f2084c339b7,2026-09-14 10:54,2026-09-14 10:54
1747,2013,050402003,"现浇混凝土路牙、
树池围牙",I0030129,混凝土,partial_match,84.6,41043aca-1eb4-4e51-95ba-e821df690d04,2026-09-14 10:54,2026-09-14 10:54
1748,2013,050402004,现浇混凝土花架柱,I0030129,混凝土,partial_match,87.5,f146120c-4434-4b03-8319-45de9d4d19c1,2026-09-14 10:54,2026-09-14 10:54
1749,2013,050402005,现浇混凝土花架梁,I0030129,混凝土,partial_match,87.5,ce306b3f-38a4-4769-91ff-fbc7a21515f8,2026-09-14 10:54,2026-09-14 10:54
1750,2013,050402006,现浇混凝土花池,I0030129,混凝土,partial_match,88.6,94ae7426-32ea-4e89-8729-97b2194cb40e,2026-09-14 10:54,2026-09-14 10:54
1751,2013,050402007,现浇混凝土飞来椅,I0030129,混凝土,partial_match,87.5,bc010526-6436-480c-802e-65a59ad5225d,2026-09-14 10:54,2026-09-14 10:54
1752,2013,050402008,现浇混凝土桌凳,I0030129,混凝土,partial_match,88.6,75ea5f6e-c745-4e77-8750-fef7ee02b9b3,2026-09-14 10:54,2026-09-14 10:54
1754,2013,050403001,"现浇混凝土结构
建筑物",I0030129,混凝土,partial_match,85.5,de291ae4-4fb4-4926-aa06-c86d171cba22,2026-09-14 10:54,2026-09-14 10:54
1756,2013,050405002,排水,I0180208181,排水泵,partial_match,88.3,4585b53a-8bc3-4e7b-842f-45fbb100f857,2026-09-14 10:54,2026-09-14 10:54
1758,2013,050406006,草坪,I0060103002,草坪砖,partial_match,88.3,443b0ba8-fc31-42a3-9ba6-d10b49bc6afa,2026-09-14 10:54,2026-09-14 10:54
3019,2024,050406009,已完工程及设备保护,I0140801011,保护套,fuzzy_name,72.0,4e147418-1749-45e6-a2e3-e8e6b928fc8b,2026-09-14 10:54,2026-09-14 10:54
3020,2024,050406010,既有建（构）筑物、设施保护,I0140801011,保护套,fuzzy_name,72.0,16114bef-4d62-41fb-8ee2-32e22078a473,2026-09-14 10:54,2026-09-14 10:54
